{"stats":{"minecraft:killed":{"minecraft:shulker":17,"minecraft:skeleton":61,"minecraft:guardian":2546,"minecraft:chicken":2,"minecraft:elder_guardian":3,"minecraft:iron_golem":16,"minecraft:pillager":4,"minecraft:zombie":121,"minecraft:cow":16,"minecraft:horse":7,"minecraft:wandering_trader":1,"minecraft:frog":2,"minecraft:enderman":46,"minecraft:witch":2,"minecraft:spider":32,"minecraft:silverfish":1,"minecraft:piglin":10,"minecraft:pig":6,"minecraft:zombie_villager":3,"minecraft:creeper":44,"minecraft:trader_llama":4,"minecraft:blaze":12,"minecraft:allay":1,"minecraft:slime":1,"minecraft:phantom":5,"minecraft:drowned":2,"minecraft:hoglin":5,"minecraft:wither_skeleton":3,"minecraft:villager":24},"minecraft:used":{"minecraft:dispenser":2,"minecraft:bamboo_sign":6,"minecraft:ladder":24,"minecraft:elytra":1,"minecraft:chest":127,"minecraft:stone":161,"minecraft:soul_sand":240,"minecraft:lava_bucket":45,"minecraft:villager_spawn_egg":23,"minecraft:grass_block":2,"minecraft:bow":47,"minecraft:furnace":18,"minecraft:cooked_cod":4,"minecraft:potato":431,"minecraft:diorite":115,"minecraft:powered_rail":41,"minecraft:wooden_pickaxe":14,"minecraft:composter":2,"minecraft:sand":1,"minecraft:blast_furnace":4,"minecraft:stone_button":2,"minecraft:lectern":144,"minecraft:cherry_sign":1,"minecraft:nether_wart_block":1,"minecraft:diamond_sword":1461,"minecraft:oak_boat":53,"minecraft:oak_trapdoor":107,"minecraft:enchanting_table":2,"minecraft:iron_bars":3,"minecraft:stone_sword":45,"minecraft:netherrack":1803,"minecraft:torch":609,"minecraft:dragon_egg":1,"minecraft:brewing_stand":3,"minecraft:warped_wart_block":1,"minecraft:anvil":1,"minecraft:iron_axe":163,"minecraft:cherry_fence_gate":29,"minecraft:bamboo":83,"minecraft:diamond_chestplate":1,"minecraft:tripwire_hook":4,"minecraft:iron_trapdoor":4,"minecraft:cobbled_deepslate":78,"minecraft:cherry_fence":2,"minecraft:observer":24,"minecraft:pointed_dripstone":18,"minecraft:water_bucket":261,"minecraft:light_blue_shulker_box":1,"minecraft:birch_planks":1,"minecraft:cherry_planks":1,"minecraft:cauldron":15,"minecraft:fletching_table":2,"minecraft:salmon":1,"minecraft:rail":450,"minecraft:comparator":2,"minecraft:oak_slab":74,"minecraft:tnt":3,"minecraft:crafting_table":42,"minecraft:white_bed":57,"minecraft:cod":1,"minecraft:oak_log":11,"minecraft:ender_eye":13,"minecraft:diamond_pickaxe":5561,"minecraft:diamond_shovel":18068,"minecraft:iron_pickaxe":996,"minecraft:crimson_nylium":2,"minecraft:cobblestone":1787,"minecraft:potion":4,"minecraft:cooked_porkchop":10,"minecraft:cherry_sapling":9,"minecraft:iron_shovel":403,"minecraft:oak_sign":9,"minecraft:shield":109,"minecraft:iron_sword":507,"minecraft:zombie_spawn_egg":2,"minecraft:bell":1,"minecraft:iron_chestplate":1,"minecraft:nether_bricks":11,"minecraft:carrot":10,"minecraft:tuff":9,"minecraft:milk_bucket":1,"minecraft:obsidian":183,"minecraft:glass":530,"minecraft:warped_nylium":3,"minecraft:hopper_minecart":2,"minecraft:item_frame":8,"minecraft:magma_block":8,"minecraft:scaffolding":455,"minecraft:blue_shulker_box":5,"minecraft:golden_boots":1,"minecraft:bamboo_trapdoor":158,"minecraft:wither_skeleton_skull":1,"minecraft:stone_pickaxe":84,"minecraft:oak_planks":39,"minecraft:ender_pearl":8,"minecraft:redstone_block":6,"minecraft:sugar_cane":24,"minecraft:blue_bed":1,"minecraft:diamond_axe":798,"minecraft:dripstone_block":1,"minecraft:shears":1,"minecraft:end_stone":57,"minecraft:creeper_spawn_egg":2,"minecraft:redstone_torch":13,"minecraft:sticky_piston":2,"minecraft:lever":8,"minecraft:firework_rocket":396,"minecraft:bread":46,"minecraft:string":6,"minecraft:gravel":1,"minecraft:grindstone":3,"minecraft:andesite":4,"minecraft:air":1,"minecraft:bone_meal":358,"minecraft:flint_and_steel":31,"minecraft:redstone":31,"minecraft:stone_hoe":87,"minecraft:cooked_chicken":4,"minecraft:dirt":3148,"minecraft:white_carpet":24,"minecraft:hopper":57,"minecraft:cobblestone_wall":66,"minecraft:diamond_helmet":1,"minecraft:shulker_box":110,"minecraft:granite":10,"minecraft:allay_spawn_egg":1,"minecraft:iron_hoe":90,"minecraft:bookshelf":27,"minecraft:cherry_trapdoor":24,"minecraft:crimson_planks":2,"minecraft:minecart":12,"minecraft:stone_pressure_plate":7,"minecraft:cooked_beef":9,"minecraft:cobblestone_stairs":54,"minecraft:glass_bottle":16,"minecraft:baked_potato":329,"minecraft:stonecutter":1,"minecraft:cobblestone_slab":158,"minecraft:smoker":9,"minecraft:warped_planks":18,"minecraft:piston":29,"minecraft:stone_slab":24,"minecraft:stone_axe":82,"minecraft:fishing_rod":69,"minecraft:bucket":314,"minecraft:yellow_bed":4,"minecraft:splash_potion":7},"minecraft:mined":{"minecraft:white_bed":21,"minecraft:cherry_log":224,"minecraft:obsidian":193,"minecraft:granite":83,"minecraft:hopper":7,"minecraft:crimson_fungus":1,"minecraft:oxeye_daisy":2,"minecraft:spawner":1,"minecraft:weeping_vines_plant":1,"minecraft:tall_seagrass":28,"minecraft:magma_block":11,"minecraft:fire":99,"minecraft:fletching_table":2,"minecraft:deepslate_lapis_ore":3,"minecraft:dirt_path":44,"minecraft:oak_stairs":2,"minecraft:green_carpet":2,"minecraft:tripwire":1,"minecraft:brown_mushroom":11,"minecraft:kelp_plant":22,"minecraft:smoker":6,"minecraft:crimson_nylium":57,"minecraft:torch":40,"minecraft:blast_furnace":4,"minecraft:glass":72,"minecraft:sugar_cane":16,"minecraft:wheat":14,"minecraft:pumpkin_stem":1,"minecraft:smooth_basalt":2,"minecraft:blue_shulker_box":6,"minecraft:piston":9,"minecraft:deepslate":144,"minecraft:cherry_sapling":2,"minecraft:shulker_box":105,"minecraft:end_stone":43,"minecraft:nether_bricks":17,"minecraft:crimson_roots":7,"minecraft:kelp":10,"minecraft:andesite":19,"minecraft:potatoes":279,"minecraft:cobblestone_slab":19,"minecraft:rail":91,"minecraft:bamboo":336,"minecraft:bone_block":14,"minecraft:white_wool":3,"minecraft:oak_slab":6,"minecraft:cherry_planks":12,"minecraft:soul_sand":328,"minecraft:observer":8,"minecraft:dandelion":14,"minecraft:cornflower":5,"minecraft:short_grass":331,"minecraft:warped_roots":5,"minecraft:tall_grass":75,"minecraft:copper_ore":5,"minecraft:diorite":166,"minecraft:warped_wart_block":1,"minecraft:cobblestone_wall":3,"minecraft:birch_leaves":5,"minecraft:gravel":37,"minecraft:dripstone_block":1,"minecraft:stone_bricks":1,"minecraft:stone_pressure_plate":1,"minecraft:cobblestone_stairs":4,"minecraft:brewing_stand":3,"minecraft:cherry_trapdoor":3,"minecraft:grass_block":7847,"minecraft:soul_soil":43,"minecraft:iron_ore":45,"minecraft:pointed_dripstone":11,"minecraft:iron_bars":1,"minecraft:azalea_leaves":1,"minecraft:deepslate_redstone_ore":1,"minecraft:poppy":7,"minecraft:chest":25,"minecraft:nether_quartz_ore":22,"minecraft:cobblestone":292,"minecraft:grindstone":4,"minecraft:oak_planks":50,"minecraft:iron_door":2,"minecraft:wall_torch":15,"minecraft:cauldron":3,"minecraft:deepslate_copper_ore":2,"minecraft:seagrass":11,"minecraft:warped_nylium":10,"minecraft:powered_rail":26,"minecraft:nether_wart_block":5,"minecraft:yellow_wool":3,"minecraft:birch_log":19,"minecraft:oak_log":359,"minecraft:sand":340,"minecraft:dirt":9895,"minecraft:crimson_planks":2,"minecraft:tripwire_hook":2,"minecraft:netherrack":2382,"minecraft:oak_leaves":146,"minecraft:diamond_ore":2,"minecraft:tuff":48,"minecraft:deepslate_diamond_ore":60,"minecraft:ladder":2,"minecraft:lever":1,"minecraft:hay_block":9,"minecraft:oak_trapdoor":7,"minecraft:furnace":12,"minecraft:carrots":5,"minecraft:nether_sprouts":1,"minecraft:bell":2,"minecraft:bookshelf":12,"minecraft:deepslate_iron_ore":121,"minecraft:stripped_oak_log":1,"minecraft:stone":2114,"minecraft:redstone_wall_torch":1,"minecraft:light_blue_shulker_box":1,"minecraft:scaffolding":34,"minecraft:infested_stone_bricks":1,"minecraft:basalt":2,"minecraft:oak_fence":21,"minecraft:crafting_table":30,"minecraft:lectern":74,"minecraft:stone_slab":2,"minecraft:lapis_ore":18,"minecraft:lily_pad":25,"minecraft:sculk":5,"minecraft:blue_bed":1,"minecraft:birch_planks":1,"minecraft:redstone_torch":2,"minecraft:yellow_bed":6,"minecraft:coal_ore":174,"minecraft:cherry_leaves":58,"minecraft:cracked_stone_bricks":3,"minecraft:mossy_stone_bricks":4},"minecraft:broken":{"minecraft:iron_sword":1,"minecraft:fishing_rod":1,"minecraft:shield":1,"minecraft:iron_pickaxe":3,"minecraft:iron_shovel":1},"minecraft:crafted":{"minecraft:smooth_stone":3,"minecraft:oak_sign":9,"minecraft:blaze_powder":10,"minecraft:lever":6,"minecraft:diamond_shovel":1,"minecraft:bookshelf":42,"minecraft:shulker_box":4,"minecraft:iron_bars":16,"minecraft:glass":320,"minecraft:diamond_helmet":1,"minecraft:stone_pressure_plate":7,"minecraft:glass_bottle":24,"minecraft:emerald":23,"minecraft:cooked_porkchop":9,"minecraft:diamond_axe":1,"minecraft:sticky_piston":2,"minecraft:fletching_table":1,"minecraft:bamboo_planks":318,"minecraft:lectern":1,"minecraft:cherry_sign":3,"minecraft:stone_slab":12,"minecraft:iron_pickaxe":3,"minecraft:gold_ingot":40,"minecraft:composter":2,"minecraft:golden_carrot":2,"minecraft:yellow_bed":1,"minecraft:bone_meal":201,"minecraft:andesite_wall":6,"minecraft:white_carpet":48,"minecraft:cherry_trapdoor":18,"minecraft:ladder":24,"minecraft:stone_pickaxe":2,"minecraft:redstone_block":3,"minecraft:wheat":72,"minecraft:enchanting_table":1,"minecraft:enchanted_book":4,"minecraft:golden_apple":8,"minecraft:fermented_spider_eye":4,"minecraft:iron_shovel":1,"minecraft:white_bed":42,"minecraft:oak_planks":1228,"minecraft:cobblestone_slab":150,"minecraft:cooked_chicken":3,"minecraft:cobblestone_stairs":37,"minecraft:stone":23,"minecraft:bamboo_block":159,"minecraft:hopper":52,"minecraft:comparator":2,"minecraft:chest":162,"minecraft:rail":352,"minecraft:stone_hoe":1,"minecraft:ender_eye":10,"minecraft:cherry_fence":6,"minecraft:golden_boots":1,"minecraft:smoker":2,"minecraft:oak_slab":90,"minecraft:item_frame":11,"minecraft:cauldron":12,"minecraft:crafting_table":12,"minecraft:wooden_pickaxe":1,"minecraft:baked_potato":520,"minecraft:hopper_minecart":2,"minecraft:birch_planks":76,"minecraft:tnt":2,"minecraft:book":6,"minecraft:iron_chestplate":2,"minecraft:paper":153,"minecraft:diamond_pickaxe":1,"minecraft:shield":4,"minecraft:stick":416,"minecraft:iron_ingot":215,"minecraft:stone_sword":1,"minecraft:redstone_torch":11,"minecraft:shears":1,"minecraft:cherry_planks":948,"minecraft:oak_door":3,"minecraft:redstone":51,"minecraft:fishing_rod":3,"minecraft:tripwire_hook":2,"minecraft:furnace":8,"minecraft:blast_furnace":1,"minecraft:piston":10,"minecraft:bamboo_sign":6,"minecraft:oak_trapdoor":96,"minecraft:flint_and_steel":1,"minecraft:scaffolding":394,"minecraft:iron_axe":1,"minecraft:iron_hoe":1,"minecraft:cobblestone_wall":78,"minecraft:observer":8,"minecraft:minecart":3,"minecraft:cherry_fence_gate":31,"minecraft:cooked_beef":8,"minecraft:sugar":4,"minecraft:cooked_cod":64,"minecraft:iron_trapdoor":4,"minecraft:powered_rail":6,"minecraft:iron_sword":3,"minecraft:bucket":27,"minecraft:stone_axe":1,"minecraft:bread":24,"minecraft:air":0,"minecraft:oak_boat":6,"minecraft:white_wool":165,"minecraft:gold_nugget":18,"minecraft:stonecutter":1,"minecraft:anvil":1,"minecraft:torch":356,"minecraft:bamboo_trapdoor":102,"minecraft:lapis_lazuli":39,"minecraft:firework_rocket":225},"minecraft:custom":{"minecraft:interact_with_crafting_table":340,"minecraft:bell_ring":38,"minecraft:leave_game":23,"minecraft:time_since_death":812276,"minecraft:damage_blocked_by_shield":8163,"minecraft:play_time":1505810,"minecraft:deaths":10,"minecraft:jump":18825,"minecraft:enchant_item":46,"minecraft:interact_with_furnace":149,"minecraft:traded_with_villager":53,"minecraft:sleep_in_bed":39,"minecraft:damage_dealt":108546,"minecraft:interact_with_smoker":138,"minecraft:use_cauldron":19,"minecraft:inspect_dispenser":2,"minecraft:interact_with_smithing_table":3,"minecraft:interact_with_anvil":16,"minecraft:inspect_hopper":15,"minecraft:sneak_time":117035,"minecraft:interact_with_blast_furnace":73,"minecraft:total_world_time":1505810,"minecraft:interact_with_stonecutter":6,"minecraft:time_since_rest":127417,"minecraft:swim_one_cm":248822,"minecraft:fly_one_cm":4703225,"minecraft:open_chest":1160,"minecraft:fish_caught":8,"minecraft:fall_one_cm":440111,"minecraft:open_shulker_box":492,"minecraft:sprint_one_cm":3070292,"minecraft:drop":613,"minecraft:talked_to_villager":216,"minecraft:interact_with_brewingstand":41,"minecraft:walk_on_water_one_cm":325627,"minecraft:player_kills":1,"minecraft:crouch_one_cm":474869,"minecraft:mob_kills":3007,"minecraft:fill_cauldron":2,"minecraft:climb_one_cm":119082,"minecraft:walk_one_cm":3083294,"minecraft:walk_under_water_one_cm":246868,"minecraft:boat_one_cm":75550,"minecraft:interact_with_grindstone":41,"minecraft:damage_taken":19221,"minecraft:aviate_one_cm":10039600},"minecraft:killed_by":{"minecraft:piglin":1,"minecraft:blaze":1,"minecraft:player":2,"minecraft:iron_golem":2,"minecraft:skeleton":1},"minecraft:picked_up":{"minecraft:iron_chestplate":5,"minecraft:prismarine_shard":1423,"minecraft:stone_slab":32,"minecraft:lead":4,"minecraft:diamond_sword":8,"minecraft:oak_stairs":6,"minecraft:enchanted_book":1,"minecraft:brewing_stand":3,"minecraft:string":61,"minecraft:soul_soil":78,"minecraft:pufferfish":5,"minecraft:diamond_leggings":5,"minecraft:gold_nugget":1,"minecraft:cobbled_deepslate":142,"minecraft:cherry_log":237,"minecraft:warped_planks":33,"minecraft:cauldron":3,"minecraft:zombie_spawn_egg":1,"minecraft:stone_sword":9,"minecraft:tropical_fish":3,"minecraft:end_rod":1,"minecraft:blaze_rod":15,"minecraft:iron_bars":1,"minecraft:birch_log":19,"minecraft:magma_block":12,"minecraft:feather":8,"minecraft:cooked_beef":1,"minecraft:water_bucket":10,"minecraft:iron_door":1,"minecraft:cherry_leaves":25,"minecraft:smoker":6,"minecraft:flint":6,"minecraft:diamond_helmet":5,"minecraft:warped_wart_block":1,"minecraft:lever":2,"minecraft:granite":83,"minecraft:bread":115,"minecraft:crimson_roots":22,"minecraft:diamond_pickaxe":7,"minecraft:crafting_table":38,"minecraft:ominous_bottle":1,"minecraft:nether_wart":46,"minecraft:cornflower":4,"minecraft:flint_and_steel":8,"minecraft:elytra":5,"minecraft:iron_shovel":1,"minecraft:cracked_stone_bricks":3,"minecraft:beef":45,"minecraft:poppy":18,"minecraft:minecart":14,"minecraft:chest":31,"minecraft:birch_sapling":3,"minecraft:piston":13,"minecraft:egg":3,"minecraft:stone":15,"minecraft:oak_door":2,"minecraft:carrot":30,"minecraft:redstone":140,"minecraft:prismarine_crystals":707,"minecraft:diamond_chestplate":6,"minecraft:diamond_boots":5,"minecraft:hay_block":8,"minecraft:gold_ingot":5,"minecraft:rail":209,"minecraft:bone_block":56,"minecraft:white_wool":16,"minecraft:oxeye_daisy":4,"minecraft:stripped_oak_log":1,"minecraft:tripwire_hook":1,"minecraft:oak_log":405,"minecraft:lily_pad":46,"minecraft:golden_boots":1,"minecraft:blue_bed":1,"minecraft:white_banner":1,"minecraft:stone_bricks":1,"minecraft:apple":10,"minecraft:kelp":138,"minecraft:cherry_sign":4,"minecraft:glass_bottle":2,"minecraft:iron_sword":4,"minecraft:smooth_basalt":1,"minecraft:gravel":35,"minecraft:dragon_egg":1,"minecraft:diamond_shovel":3,"minecraft:firework_rocket":183,"minecraft:slime_ball":5,"minecraft:stone_axe":4,"minecraft:tide_armor_trim_smithing_template":1,"minecraft:diamond_axe":4,"minecraft:warped_roots":7,"minecraft:baked_potato":214,"minecraft:warped_nylium":8,"minecraft:crimson_nylium":3,"minecraft:hopper":7,"minecraft:ender_pearl":71,"minecraft:shulker_shell":8,"minecraft:redstone_block":3,"minecraft:yellow_wool":6,"minecraft:crimson_planks":34,"minecraft:raw_copper":36,"minecraft:iron_leggings":4,"minecraft:bucket":6,"minecraft:redstone_torch":5,"minecraft:cobblestone_slab":66,"minecraft:ender_eye":13,"minecraft:iron_pickaxe":7,"minecraft:furnace":18,"minecraft:iron_boots":2,"minecraft:stick":161,"minecraft:oak_fence":23,"minecraft:torch":394,"minecraft:porkchop":21,"minecraft:pointed_dripstone":68,"minecraft:diorite":166,"minecraft:rotten_flesh":211,"minecraft:music_disc_wait":1,"minecraft:obsidian":196,"minecraft:cod":531,"minecraft:blaze_powder":8,"minecraft:cobblestone":2537,"minecraft:cherry_planks":20,"minecraft:andesite":17,"minecraft:potato":2192,"minecraft:tuff":48,"minecraft:prismarine_bricks":4,"minecraft:wither_skeleton_skull":5,"minecraft:lapis_lazuli":497,"minecraft:dirt":15940,"minecraft:leather_boots":1,"minecraft:glass":63,"minecraft:bone":94,"minecraft:bow":7,"minecraft:wheat_seeds":217,"minecraft:bell":1,"minecraft:raw_gold":1,"minecraft:grindstone":4,"minecraft:prismarine":8,"minecraft:mossy_stone_bricks":4,"minecraft:fletching_table":2,"minecraft:bamboo":1928,"minecraft:powered_rail":27,"minecraft:oak_planks":100,"minecraft:stone_hoe":2,"minecraft:cooked_porkchop":1,"minecraft:oak_pressure_plate":1,"minecraft:poisonous_potato":3,"minecraft:sand":333,"minecraft:light_blue_shulker_box":1,"minecraft:spectral_arrow":36,"minecraft:shulker_box":105,"minecraft:diamond":160,"minecraft:bone_meal":81,"minecraft:oak_sapling":71,"minecraft:netherrack":2537,"minecraft:oak_leaves":18,"minecraft:azure_bluet":2,"minecraft:chicken":3,"minecraft:ladder":4,"minecraft:brown_mushroom":11,"minecraft:wooden_pickaxe":1,"minecraft:shield":10,"minecraft:oak_trapdoor":6,"minecraft:iron_axe":1,"minecraft:oak_boat":56,"minecraft:observer":8,"minecraft:blue_shulker_box":6,"minecraft:lectern":74,"minecraft:sugar_cane":126,"minecraft:cherry_trapdoor":3,"minecraft:phantom_membrane":19,"minecraft:raw_iron":600,"minecraft:end_stone":81,"minecraft:stone_pressure_plate":1,"minecraft:weeping_vines":1,"minecraft:arrow":91,"minecraft:nether_bricks":13,"minecraft:saddle":1,"minecraft:wet_sponge":3,"minecraft:basalt":4,"minecraft:salmon":14,"minecraft:leather":64,"minecraft:birch_planks":1,"minecraft:crimson_fungus":1,"minecraft:gunpowder":139,"minecraft:yellow_bed":5,"minecraft:nether_wart_block":3,"minecraft:cobblestone_wall":1,"minecraft:cobblestone_stairs":2,"minecraft:iron_ingot":192,"minecraft:cooked_chicken":3,"minecraft:soul_sand":345,"minecraft:book":36,"minecraft:scaffolding":430,"minecraft:oak_slab":7,"minecraft:warped_fungus":1,"minecraft:quartz":113,"minecraft:dandelion":43,"minecraft:dripstone_block":3,"minecraft:blast_furnace":5,"minecraft:white_bed":19,"minecraft:green_carpet":2,"minecraft:spider_eye":22,"minecraft:iron_helmet":4,"minecraft:cherry_sapling":51,"minecraft:coal":973},"minecraft:dropped":{"minecraft:iron_sword":1,"minecraft:lapis_lazuli":195,"minecraft:glass_bottle":3,"minecraft:weeping_vines":1,"minecraft:warped_roots":7,"minecraft:saddle":1,"minecraft:elytra":1,"minecraft:rail":1,"minecraft:dirt":505,"minecraft:cherry_leaves":7,"minecraft:gold_nugget":2,"minecraft:phantom_membrane":9,"minecraft:sand":1,"minecraft:iron_pickaxe":1,"minecraft:fishing_rod":1,"minecraft:bone":9,"minecraft:sugar_cane":9,"minecraft:cooked_chicken":2,"minecraft:cobbled_deepslate":11,"minecraft:birch_sapling":3,"minecraft:obsidian":1,"minecraft:rotten_flesh":79,"minecraft:azure_bluet":2,"minecraft:white_bed":1,"minecraft:salmon":8,"minecraft:glass":46,"minecraft:egg":7,"minecraft:iron_ingot":3,"minecraft:wheat_seeds":148,"minecraft:dripstone_block":1,"minecraft:prismarine_crystals":662,"minecraft:iron_helmet":1,"minecraft:feather":4,"minecraft:cobblestone":90,"minecraft:book":46,"minecraft:granite":47,"minecraft:pufferfish":2,"minecraft:oxeye_daisy":4,"minecraft:cherry_planks":44,"minecraft:white_banner":1,"minecraft:string":460,"minecraft:zombie_spawn_egg":2,"minecraft:stone_sword":8,"minecraft:chicken":3,"minecraft:iron_boots":1,"minecraft:stone_slab":31,"minecraft:blast_furnace":1,"minecraft:diamond_sword":3,"minecraft:potato":1751,"minecraft:diamond_pickaxe":3,"minecraft:stone_pressure_plate":1,"minecraft:spider_eye":8,"minecraft:stone_bricks":1,"minecraft:bamboo":5,"minecraft:bow":1,"minecraft:magma_block":1,"minecraft:crimson_nylium":1,"minecraft:diamond_axe":1,"minecraft:warped_fungus":1,"minecraft:oak_log":21,"minecraft:baked_potato":44,"minecraft:ender_pearl":8,"minecraft:tide_armor_trim_smithing_template":1,"minecraft:leather":8,"minecraft:cod":295,"minecraft:flint":2,"minecraft:cornflower":2,"minecraft:crimson_roots":19,"minecraft:gold_ingot":5,"minecraft:gravel":6,"minecraft:crimson_fungus":1,"minecraft:pointed_dripstone":1,"minecraft:cherry_sapling":1,"minecraft:prismarine":8,"minecraft:poppy":15,"minecraft:gunpowder":22,"minecraft:chest":1,"minecraft:basalt":2,"minecraft:arrow":7,"minecraft:prismarine_bricks":4,"minecraft:oak_leaves":8,"minecraft:netherrack":35,"minecraft:firework_rocket":173,"minecraft:water_bucket":1,"minecraft:oak_slab":2,"minecraft:poisonous_potato":3,"minecraft:prismarine_shard":1100,"minecraft:spectral_arrow":9,"minecraft:tropical_fish":3,"minecraft:stick":46,"minecraft:diorite":2,"minecraft:torch":1,"minecraft:bucket":2,"minecraft:redstone":40,"minecraft:dandelion":39,"minecraft:smooth_basalt":1,"minecraft:warped_nylium":3,"minecraft:tuff":6,"minecraft:villager_spawn_egg":1,"minecraft:shield":3,"minecraft:diamond_chestplate":1,"minecraft:iron_chestplate":2,"minecraft:andesite":9,"minecraft:mossy_stone_bricks":4,"minecraft:oak_sapling":3,"minecraft:stone_pickaxe":2,"minecraft:wooden_pickaxe":1,"minecraft:raw_gold":1}},"DataVersion":3953}