{"stats":{"minecraft:killed":{"minecraft:shulker":17,"minecraft:skeleton":113,"minecraft:guardian":6839,"minecraft:chicken":2,"minecraft:magma_cube":4,"minecraft:elder_guardian":3,"minecraft:iron_golem":18,"minecraft:pillager":5,"minecraft:zombie":147,"minecraft:cow":16,"minecraft:horse":7,"minecraft:wandering_trader":1,"minecraft:frog":2,"minecraft:enderman":46,"minecraft:witch":2,"minecraft:spider":36,"minecraft:silverfish":1,"minecraft:piglin":10,"minecraft:pig":6,"minecraft:zombie_villager":3,"minecraft:creeper":52,"minecraft:sheep":2,"minecraft:trader_llama":4,"minecraft:ghast":1,"minecraft:blaze":36,"minecraft:allay":1,"minecraft:slime":111,"minecraft:phantom":8,"minecraft:drowned":3,"minecraft:hoglin":5,"minecraft:wither_skeleton":46,"minecraft:villager":26},"minecraft:used":{"minecraft:dispenser":2,"minecraft:ladder":26,"minecraft:elytra":9,"minecraft:bamboo_sign":6,"minecraft:chest":145,"minecraft:stone":190,"minecraft:soul_sand":240,"minecraft:crafter":6,"minecraft:bamboo_pressure_plate":3,"minecraft:lava_bucket":47,"minecraft:villager_spawn_egg":23,"minecraft:grass_block":6,"minecraft:bow":113,"minecraft:furnace":18,"minecraft:cooked_cod":99,"minecraft:potato":431,"minecraft:diorite":115,"minecraft:powered_rail":98,"minecraft:wooden_pickaxe":14,"minecraft:composter":2,"minecraft:oak_leaves":293,"minecraft:sand":1,"minecraft:blast_furnace":4,"minecraft:stone_button":2,"minecraft:lectern":349,"minecraft:cherry_sign":1,"minecraft:nether_wart_block":1,"minecraft:diamond_sword":2239,"minecraft:oak_boat":53,"minecraft:oak_trapdoor":108,"minecraft:enchanting_table":2,"minecraft:iron_bars":3,"minecraft:stone_sword":45,"minecraft:trial_key":2,"minecraft:netherrack":2601,"minecraft:torch":857,"minecraft:dragon_egg":1,"minecraft:brewing_stand":3,"minecraft:anvil":3,"minecraft:warped_wart_block":1,"minecraft:iron_axe":186,"minecraft:slime_block":15,"minecraft:cherry_fence_gate":29,"minecraft:barrel":2,"minecraft:bamboo":268,"minecraft:diamond_chestplate":8,"minecraft:tripwire_hook":4,"minecraft:iron_trapdoor":4,"minecraft:cherry_fence":2,"minecraft:cobbled_deepslate":128,"minecraft:observer":29,"minecraft:pointed_dripstone":18,"minecraft:water_bucket":264,"minecraft:light_blue_shulker_box":1,"minecraft:birch_planks":1,"minecraft:cherry_planks":1,"minecraft:cauldron":15,"minecraft:fletching_table":3,"minecraft:sheep_spawn_egg":3,"minecraft:salmon":1,"minecraft:rail":746,"minecraft:comparator":16,"minecraft:oak_slab":74,"minecraft:tnt":3,"minecraft:crafting_table":51,"minecraft:white_bed":57,"minecraft:cod":1,"minecraft:oak_log":11,"minecraft:ender_eye":13,"minecraft:diamond_pickaxe":9445,"minecraft:diamond_shovel":20222,"minecraft:wind_charge":3,"minecraft:iron_pickaxe":996,"minecraft:crimson_nylium":2,"minecraft:cobblestone":2078,"minecraft:potion":5,"minecraft:cooked_porkchop":10,"minecraft:cherry_sapling":9,"minecraft:iron_shovel":403,"minecraft:oak_sign":14,"minecraft:shield":112,"minecraft:iron_sword":507,"minecraft:zombie_spawn_egg":2,"minecraft:bell":1,"minecraft:iron_chestplate":1,"minecraft:nether_bricks":13,"minecraft:carrot":10,"minecraft:tuff":9,"minecraft:honey_bottle":2,"minecraft:obsidian":229,"minecraft:milk_bucket":1,"minecraft:glass":531,"minecraft:waxed_oxidized_copper":1,"minecraft:lantern":2,"minecraft:warped_nylium":3,"minecraft:hopper_minecart":4,"minecraft:item_frame":8,"minecraft:repeater":5,"minecraft:redstone_lamp":3,"minecraft:magma_block":12,"minecraft:scaffolding":455,"minecraft:blue_shulker_box":5,"minecraft:golden_boots":1,"minecraft:bamboo_trapdoor":158,"minecraft:wither_skeleton_skull":1,"minecraft:stone_pickaxe":84,"minecraft:oak_planks":39,"minecraft:ender_pearl":8,"minecraft:redstone_block":10,"minecraft:sugar_cane":24,"minecraft:diamond_axe":1283,"minecraft:blue_bed":1,"minecraft:end_stone":57,"minecraft:dripstone_block":1,"minecraft:shears":342,"minecraft:creeper_spawn_egg":2,"minecraft:redstone_torch":34,"minecraft:sticky_piston":13,"minecraft:lever":8,"minecraft:firework_rocket":615,"minecraft:bread":46,"minecraft:string":6,"minecraft:gravel":1,"minecraft:grindstone":3,"minecraft:andesite":4,"minecraft:air":1,"minecraft:bone_meal":358,"minecraft:flint_and_steel":47,"minecraft:redstone":159,"minecraft:stone_hoe":87,"minecraft:cooked_chicken":8,"minecraft:dirt":4240,"minecraft:white_carpet":24,"minecraft:hopper":80,"minecraft:cobblestone_wall":66,"minecraft:diamond_helmet":2,"minecraft:shulker_box":136,"minecraft:allay_spawn_egg":1,"minecraft:granite":10,"minecraft:iron_hoe":90,"minecraft:bookshelf":53,"minecraft:cherry_trapdoor":24,"minecraft:crimson_planks":2,"minecraft:soul_soil":4,"minecraft:minecart":13,"minecraft:stone_pressure_plate":7,"minecraft:cooked_beef":9,"minecraft:cobblestone_stairs":89,"minecraft:glass_bottle":22,"minecraft:baked_potato":359,"minecraft:stonecutter":2,"minecraft:waxed_oxidized_copper_trapdoor":1,"minecraft:cobblestone_slab":158,"minecraft:smoker":9,"minecraft:warped_planks":18,"minecraft:piston":29,"minecraft:stone_slab":24,"minecraft:stone_axe":82,"minecraft:fishing_rod":69,"minecraft:bucket":319,"minecraft:yellow_bed":4,"minecraft:waxed_oxidized_copper_bulb":1,"minecraft:splash_potion":10},"minecraft:mined":{"minecraft:white_bed":23,"minecraft:cherry_log":224,"minecraft:obsidian":239,"minecraft:granite":83,"minecraft:chiseled_tuff_bricks":1,"minecraft:hopper":16,"minecraft:crimson_fungus":1,"minecraft:nether_wart":20,"minecraft:oxeye_daisy":2,"minecraft:spawner":1,"minecraft:weeping_vines_plant":1,"minecraft:tall_seagrass":28,"minecraft:magma_block":15,"minecraft:sticky_piston":4,"minecraft:barrel":1,"minecraft:fire":102,"minecraft:waxed_oxidized_copper_bulb":1,"minecraft:fletching_table":2,"minecraft:deepslate_lapis_ore":13,"minecraft:oak_sign":1,"minecraft:dirt_path":44,"minecraft:oak_stairs":2,"minecraft:green_carpet":2,"minecraft:tripwire":1,"minecraft:brown_mushroom":11,"minecraft:kelp_plant":22,"minecraft:smoker":6,"minecraft:crimson_nylium":57,"minecraft:torch":106,"minecraft:blast_furnace":4,"minecraft:glass":73,"minecraft:sugar_cane":16,"minecraft:repeater":2,"minecraft:wheat":14,"minecraft:pumpkin_stem":1,"minecraft:smooth_basalt":2,"minecraft:blue_shulker_box":6,"minecraft:piston":9,"minecraft:deepslate":201,"minecraft:cherry_sapling":2,"minecraft:shulker_box":131,"minecraft:end_stone":43,"minecraft:crafter":2,"minecraft:nether_bricks":25,"minecraft:crimson_roots":7,"minecraft:redstone_wire":61,"minecraft:kelp":10,"minecraft:andesite":19,"minecraft:chiseled_tuff":1,"minecraft:potatoes":279,"minecraft:cobblestone_slab":19,"minecraft:rail":187,"minecraft:bamboo":481,"minecraft:bone_block":14,"minecraft:white_wool":3,"minecraft:oak_slab":6,"minecraft:redstone_block":3,"minecraft:cherry_planks":12,"minecraft:comparator":5,"minecraft:soul_sand":328,"minecraft:observer":8,"minecraft:dandelion":14,"minecraft:cornflower":5,"minecraft:short_grass":383,"minecraft:warped_roots":5,"minecraft:tall_grass":79,"minecraft:copper_ore":9,"minecraft:deepslate_gold_ore":13,"minecraft:diorite":171,"minecraft:warped_wart_block":1,"minecraft:cobblestone_wall":3,"minecraft:birch_leaves":11,"minecraft:gravel":37,"minecraft:dripstone_block":1,"minecraft:stone_bricks":1,"minecraft:stone_pressure_plate":1,"minecraft:cobblestone_stairs":6,"minecraft:brewing_stand":3,"minecraft:cherry_trapdoor":3,"minecraft:grass_block":8873,"minecraft:soul_soil":68,"minecraft:tuff_bricks":4,"minecraft:glowstone":20,"minecraft:iron_ore":46,"minecraft:polished_tuff":1,"minecraft:pointed_dripstone":11,"minecraft:iron_bars":1,"minecraft:azalea_leaves":1,"minecraft:deepslate_redstone_ore":3,"minecraft:poppy":7,"minecraft:chest":29,"minecraft:nether_quartz_ore":27,"minecraft:cobblestone":378,"minecraft:slime_block":2,"minecraft:grindstone":4,"minecraft:oak_planks":50,"minecraft:iron_door":2,"minecraft:wall_torch":15,"minecraft:cauldron":3,"minecraft:deepslate_copper_ore":2,"minecraft:seagrass":11,"minecraft:warped_nylium":10,"minecraft:powered_rail":46,"minecraft:nether_wart_block":5,"minecraft:yellow_wool":3,"minecraft:birch_log":55,"minecraft:oak_log":447,"minecraft:waxed_oxidized_copper":1,"minecraft:sand":340,"minecraft:dirt":11016,"minecraft:crimson_planks":2,"minecraft:tripwire_hook":2,"minecraft:netherrack":4753,"minecraft:oak_leaves":572,"minecraft:diamond_ore":2,"minecraft:tuff":50,"minecraft:deepslate_diamond_ore":80,"minecraft:ladder":2,"minecraft:lever":1,"minecraft:decorated_pot":3,"minecraft:bamboo_pressure_plate":2,"minecraft:hay_block":9,"minecraft:oak_trapdoor":7,"minecraft:furnace":12,"minecraft:carrots":5,"minecraft:nether_sprouts":1,"minecraft:bell":2,"minecraft:bookshelf":167,"minecraft:deepslate_iron_ore":121,"minecraft:stripped_oak_log":1,"minecraft:stone":3089,"minecraft:redstone_wall_torch":2,"minecraft:light_blue_shulker_box":1,"minecraft:scaffolding":34,"minecraft:infested_stone_bricks":1,"minecraft:basalt":3,"minecraft:oak_fence":21,"minecraft:crafting_table":35,"minecraft:lectern":277,"minecraft:stone_slab":2,"minecraft:lapis_ore":18,"minecraft:lily_pad":25,"minecraft:sculk":5,"minecraft:blue_bed":1,"minecraft:birch_planks":1,"minecraft:waxed_oxidized_copper_grate":1,"minecraft:redstone_torch":4,"minecraft:yellow_bed":6,"minecraft:coal_ore":216,"minecraft:cherry_leaves":58,"minecraft:cracked_stone_bricks":3,"minecraft:mossy_stone_bricks":4},"minecraft:broken":{"minecraft:shears":1,"minecraft:iron_sword":1,"minecraft:fishing_rod":1,"minecraft:shield":1,"minecraft:iron_pickaxe":3,"minecraft:iron_shovel":1},"minecraft:crafted":{"minecraft:smooth_stone":3,"minecraft:oak_sign":15,"minecraft:blaze_powder":10,"minecraft:birch_slab":12,"minecraft:slime_block":13,"minecraft:lever":6,"minecraft:diamond_shovel":1,"minecraft:bookshelf":44,"minecraft:shulker_box":4,"minecraft:iron_bars":16,"minecraft:glass":323,"minecraft:repeater":3,"minecraft:diamond_helmet":2,"minecraft:stone_pressure_plate":7,"minecraft:glass_bottle":24,"minecraft:redstone_lamp":2,"minecraft:emerald":161,"minecraft:cooked_porkchop":9,"minecraft:diamond_axe":1,"minecraft:raw_gold_block":12,"minecraft:sticky_piston":6,"minecraft:fletching_table":1,"minecraft:bamboo_planks":644,"minecraft:lectern":3,"minecraft:cherry_sign":3,"minecraft:crafter":4,"minecraft:stone_slab":12,"minecraft:iron_pickaxe":3,"minecraft:iron_block":12,"minecraft:gold_ingot":49,"minecraft:composter":2,"minecraft:golden_carrot":2,"minecraft:bamboo_pressure_plate":2,"minecraft:yellow_bed":1,"minecraft:bone_meal":201,"minecraft:andesite_wall":6,"minecraft:white_carpet":48,"minecraft:cherry_trapdoor":18,"minecraft:lantern":2,"minecraft:ladder":24,"minecraft:stone_pickaxe":2,"minecraft:diamond_boots":1,"minecraft:redstone_block":4,"minecraft:wheat":72,"minecraft:enchanting_table":1,"minecraft:glowstone":17,"minecraft:enchanted_book":26,"minecraft:bamboo_slab":6,"minecraft:golden_apple":9,"minecraft:fermented_spider_eye":5,"minecraft:iron_shovel":1,"minecraft:white_bed":42,"minecraft:oak_planks":1324,"minecraft:cobblestone_slab":150,"minecraft:barrel":1,"minecraft:cooked_chicken":3,"minecraft:cobblestone_stairs":37,"minecraft:stone":87,"minecraft:bamboo_block":322,"minecraft:hopper":65,"minecraft:bow":6,"minecraft:comparator":9,"minecraft:chest":192,"minecraft:rail":448,"minecraft:stone_hoe":1,"minecraft:ender_eye":10,"minecraft:cherry_fence":6,"minecraft:golden_boots":1,"minecraft:smoker":2,"minecraft:dropper":4,"minecraft:oak_slab":90,"minecraft:item_frame":11,"minecraft:cauldron":12,"minecraft:crafting_table":19,"minecraft:wooden_pickaxe":1,"minecraft:baked_potato":520,"minecraft:hopper_minecart":3,"minecraft:birch_planks":144,"minecraft:tnt":2,"minecraft:book":6,"minecraft:iron_chestplate":2,"minecraft:paper":267,"minecraft:diamond_pickaxe":2,"minecraft:shield":4,"minecraft:stick":568,"minecraft:iron_ingot":512,"minecraft:stone_sword":1,"minecraft:redstone_torch":49,"minecraft:shears":2,"minecraft:cherry_planks":948,"minecraft:oak_door":3,"minecraft:redstone":51,"minecraft:fishing_rod":3,"minecraft:tripwire_hook":2,"minecraft:furnace":9,"minecraft:blast_furnace":1,"minecraft:piston":14,"minecraft:bamboo_sign":6,"minecraft:raw_copper_block":1,"minecraft:oak_trapdoor":96,"minecraft:flint_and_steel":1,"minecraft:scaffolding":394,"minecraft:iron_axe":1,"minecraft:iron_hoe":1,"minecraft:cobblestone_wall":78,"minecraft:cherry_fence_gate":31,"minecraft:observer":10,"minecraft:minecart":5,"minecraft:cooked_beef":8,"minecraft:sugar":5,"minecraft:cooked_cod":124,"minecraft:diamond_sword":1,"minecraft:iron_trapdoor":4,"minecraft:powered_rail":6,"minecraft:iron_sword":3,"minecraft:bucket":27,"minecraft:stone_axe":1,"minecraft:air":0,"minecraft:bread":24,"minecraft:oak_boat":6,"minecraft:white_wool":165,"minecraft:gold_nugget":18,"minecraft:stonecutter":2,"minecraft:anvil":3,"minecraft:torch":612,"minecraft:bamboo_trapdoor":102,"minecraft:lapis_lazuli":174,"minecraft:lapis_block":33,"minecraft:firework_rocket":567},"minecraft:custom":{"minecraft:interact_with_crafting_table":437,"minecraft:open_barrel":19,"minecraft:bell_ring":38,"minecraft:leave_game":23,"minecraft:time_since_death":277438,"minecraft:damage_blocked_by_shield":8366,"minecraft:play_time":1985707,"minecraft:deaths":11,"minecraft:jump":23518,"minecraft:enchant_item":108,"minecraft:interact_with_furnace":163,"minecraft:traded_with_villager":216,"minecraft:sleep_in_bed":51,"minecraft:damage_dealt":145778,"minecraft:interact_with_smoker":146,"minecraft:use_cauldron":21,"minecraft:inspect_dispenser":18,"minecraft:interact_with_smithing_table":3,"minecraft:interact_with_anvil":53,"minecraft:inspect_hopper":64,"minecraft:sneak_time":137570,"minecraft:interact_with_blast_furnace":73,"minecraft:total_world_time":1985707,"minecraft:interact_with_stonecutter":7,"minecraft:time_since_rest":19811,"minecraft:swim_one_cm":280463,"minecraft:fly_one_cm":5421265,"minecraft:open_chest":1616,"minecraft:fish_caught":8,"minecraft:fall_one_cm":524908,"minecraft:open_shulker_box":581,"minecraft:sprint_one_cm":4021447,"minecraft:drop":748,"minecraft:talked_to_villager":496,"minecraft:interact_with_brewingstand":56,"minecraft:walk_on_water_one_cm":359694,"minecraft:player_kills":1,"minecraft:crouch_one_cm":576347,"minecraft:mob_kills":7590,"minecraft:fill_cauldron":2,"minecraft:climb_one_cm":124616,"minecraft:walk_one_cm":4113976,"minecraft:walk_under_water_one_cm":286628,"minecraft:boat_one_cm":75550,"minecraft:interact_with_grindstone":69,"minecraft:damage_taken":24110,"minecraft:aviate_one_cm":14629614},"minecraft:killed_by":{"minecraft:piglin":1,"minecraft:blaze":1,"minecraft:player":2,"minecraft:iron_golem":2,"minecraft:skeleton":1},"minecraft:picked_up":{"minecraft:iron_chestplate":5,"minecraft:prismarine_shard":2607,"minecraft:lead":4,"minecraft:stone_slab":32,"minecraft:diamond_sword":10,"minecraft:oak_stairs":6,"minecraft:enchanted_book":1,"minecraft:brewing_stand":3,"minecraft:string":1825,"minecraft:soul_soil":93,"minecraft:cooked_salmon":1,"minecraft:pufferfish":7,"minecraft:diamond_leggings":6,"minecraft:gold_nugget":1,"minecraft:cobbled_deepslate":194,"minecraft:trial_key":2,"minecraft:hopper_minecart":1,"minecraft:cherry_log":237,"minecraft:warped_planks":33,"minecraft:cauldron":3,"minecraft:zombie_spawn_egg":1,"minecraft:bamboo_block":1,"minecraft:stone_sword":15,"minecraft:honey_bottle":1,"minecraft:tropical_fish":3,"minecraft:bookshelf":129,"minecraft:end_rod":1,"minecraft:blaze_rod":53,"minecraft:iron_bars":1,"minecraft:birch_log":55,"minecraft:magma_block":16,"minecraft:feather":8,"minecraft:cooked_beef":1,"minecraft:water_bucket":11,"minecraft:iron_door":1,"minecraft:cherry_leaves":25,"minecraft:smoker":6,"minecraft:flint":6,"minecraft:diamond_helmet":6,"minecraft:glowstone_dust":71,"minecraft:warped_wart_block":3,"minecraft:barrel":1,"minecraft:lever":2,"minecraft:granite":83,"minecraft:bread":116,"minecraft:crimson_roots":22,"minecraft:diamond_pickaxe":8,"minecraft:crafting_table":43,"minecraft:ominous_bottle":2,"minecraft:nether_wart":67,"minecraft:wind_charge":9,"minecraft:cornflower":4,"minecraft:flint_and_steel":8,"minecraft:elytra":6,"minecraft:iron_shovel":1,"minecraft:cracked_stone_bricks":3,"minecraft:beef":45,"minecraft:chiseled_tuff":1,"minecraft:poppy":20,"minecraft:minecart":19,"minecraft:chest":34,"minecraft:birch_sapling":18,"minecraft:piston":13,"minecraft:waxed_oxidized_copper":1,"minecraft:egg":3,"minecraft:stone":15,"minecraft:oak_door":2,"minecraft:bamboo_pressure_plate":3,"minecraft:carrot":30,"minecraft:redstone":212,"minecraft:prismarine_crystals":1040,"minecraft:diamond_chestplate":7,"minecraft:cooked_cod":110,"minecraft:diamond_boots":6,"minecraft:hay_block":8,"minecraft:gold_ingot":5,"minecraft:tuff_bricks":4,"minecraft:mutton":6,"minecraft:bone_block":56,"minecraft:white_wool":18,"minecraft:rail":304,"minecraft:oxeye_daisy":4,"minecraft:stripped_oak_log":1,"minecraft:birch_leaves":1,"minecraft:tripwire_hook":1,"minecraft:crafter":2,"minecraft:oak_log":493,"minecraft:lily_pad":46,"minecraft:golden_boots":1,"minecraft:blue_bed":1,"minecraft:white_banner":2,"minecraft:stone_bricks":1,"minecraft:apple":16,"minecraft:kelp":138,"minecraft:cherry_sign":4,"minecraft:glass_bottle":3,"minecraft:iron_sword":4,"minecraft:smooth_basalt":1,"minecraft:gravel":36,"minecraft:polished_tuff":1,"minecraft:dragon_egg":1,"minecraft:diamond_shovel":4,"minecraft:firework_rocket":281,"minecraft:slime_ball":207,"minecraft:stone_axe":4,"minecraft:tide_armor_trim_smithing_template":1,"minecraft:diamond_axe":5,"minecraft:gray_wool":1,"minecraft:warped_roots":7,"minecraft:baked_potato":244,"minecraft:warped_nylium":8,"minecraft:crimson_nylium":3,"minecraft:hopper":17,"minecraft:ender_pearl":71,"minecraft:shulker_shell":8,"minecraft:redstone_block":6,"minecraft:yellow_wool":6,"minecraft:potion":2,"minecraft:crimson_planks":34,"minecraft:lapis_block":33,"minecraft:raw_copper":52,"minecraft:sticky_piston":4,"minecraft:iron_leggings":4,"minecraft:oak_sign":1,"minecraft:comparator":7,"minecraft:bucket":6,"minecraft:redstone_torch":8,"minecraft:cobblestone_slab":66,"minecraft:ender_eye":13,"minecraft:iron_pickaxe":7,"minecraft:furnace":18,"minecraft:iron_boots":2,"minecraft:stick":247,"minecraft:oak_fence":23,"minecraft:torch":509,"minecraft:porkchop":21,"minecraft:pointed_dripstone":68,"minecraft:diorite":171,"minecraft:rotten_flesh":230,"minecraft:music_disc_wait":1,"minecraft:obsidian":242,"minecraft:cod":782,"minecraft:blaze_powder":8,"minecraft:cobblestone":3647,"minecraft:magma_cream":3,"minecraft:repeater":2,"minecraft:cherry_planks":20,"minecraft:andesite":17,"minecraft:potato":2192,"minecraft:tuff":50,"minecraft:prismarine_bricks":4,"minecraft:wither_skeleton_skull":5,"minecraft:lapis_lazuli":742,"minecraft:dirt":18085,"minecraft:leather_boots":1,"minecraft:glass":65,"minecraft:bone":283,"minecraft:bow":14,"minecraft:wheat_seeds":363,"minecraft:raw_gold":28,"minecraft:bell":1,"minecraft:grindstone":4,"minecraft:mossy_stone_bricks":4,"minecraft:fletching_table":2,"minecraft:bamboo":3737,"minecraft:powered_rail":48,"minecraft:prismarine":8,"minecraft:oak_planks":100,"minecraft:stone_hoe":2,"minecraft:waxed_oxidized_copper_trapdoor":1,"minecraft:cooked_porkchop":1,"minecraft:waxed_oxidized_copper_bulb":1,"minecraft:oak_pressure_plate":1,"minecraft:poisonous_potato":3,"minecraft:sand":333,"minecraft:light_blue_shulker_box":1,"minecraft:spectral_arrow":36,"minecraft:shulker_box":132,"minecraft:slime_block":2,"minecraft:diamond":202,"minecraft:waxed_oxidized_copper_grate":1,"minecraft:bone_meal":81,"minecraft:emerald":1,"minecraft:oak_sapling":116,"minecraft:netherrack":4866,"minecraft:oak_leaves":323,"minecraft:azure_bluet":2,"minecraft:chicken":3,"minecraft:ladder":4,"minecraft:brown_mushroom":11,"minecraft:wooden_pickaxe":1,"minecraft:brick":8,"minecraft:shield":11,"minecraft:oak_trapdoor":6,"minecraft:iron_axe":1,"minecraft:oak_boat":56,"minecraft:observer":8,"minecraft:lectern":277,"minecraft:blue_shulker_box":6,"minecraft:sugar_cane":126,"minecraft:cherry_trapdoor":3,"minecraft:phantom_membrane":19,"minecraft:raw_iron":601,"minecraft:end_stone":81,"minecraft:stone_pressure_plate":1,"minecraft:weeping_vines":1,"minecraft:arrow":204,"minecraft:nether_bricks":21,"minecraft:saddle":1,"minecraft:wet_sponge":3,"minecraft:basalt":5,"minecraft:salmon":17,"minecraft:leather":64,"minecraft:birch_planks":1,"minecraft:crimson_fungus":1,"minecraft:gunpowder":144,"minecraft:yellow_bed":5,"minecraft:nether_wart_block":3,"minecraft:cobblestone_wall":1,"minecraft:cobblestone_stairs":4,"minecraft:iron_ingot":207,"minecraft:cooked_chicken":7,"minecraft:soul_sand":345,"minecraft:book":111,"minecraft:scaffolding":430,"minecraft:oak_slab":7,"minecraft:warped_fungus":1,"minecraft:bamboo_planks":26,"minecraft:quartz":125,"minecraft:dandelion":43,"minecraft:dripstone_block":3,"minecraft:blast_furnace":5,"minecraft:white_bed":21,"minecraft:green_carpet":2,"minecraft:spider_eye":28,"minecraft:iron_helmet":4,"minecraft:cherry_sapling":51,"minecraft:coal":1137,"minecraft:chiseled_tuff_bricks":1},"minecraft:dropped":{"minecraft:iron_sword":1,"minecraft:lapis_lazuli":195,"minecraft:glass_bottle":6,"minecraft:weeping_vines":1,"minecraft:warped_roots":7,"minecraft:saddle":1,"minecraft:elytra":1,"minecraft:rail":1,"minecraft:dirt":507,"minecraft:raw_copper_block":1,"minecraft:cherry_leaves":7,"minecraft:gold_nugget":2,"minecraft:phantom_membrane":9,"minecraft:sand":1,"minecraft:iron_pickaxe":1,"minecraft:fishing_rod":1,"minecraft:white_wool":2,"minecraft:bone":11,"minecraft:sugar_cane":10,"minecraft:cooked_chicken":2,"minecraft:cobbled_deepslate":13,"minecraft:birch_sapling":3,"minecraft:obsidian":3,"minecraft:rotten_flesh":95,"minecraft:azure_bluet":2,"minecraft:white_bed":1,"minecraft:salmon":11,"minecraft:hopper":1,"minecraft:chiseled_tuff":1,"minecraft:glass":46,"minecraft:warped_wart_block":2,"minecraft:egg":7,"minecraft:enchanted_book":3,"minecraft:iron_ingot":3,"minecraft:birch_leaves":1,"minecraft:wheat_seeds":158,"minecraft:dripstone_block":1,"minecraft:prismarine_crystals":995,"minecraft:iron_helmet":1,"minecraft:feather":4,"minecraft:cobblestone":90,"minecraft:book":46,"minecraft:granite":47,"minecraft:pufferfish":4,"minecraft:oxeye_daisy":4,"minecraft:cherry_planks":44,"minecraft:cooked_salmon":1,"minecraft:white_banner":2,"minecraft:string":463,"minecraft:zombie_spawn_egg":2,"minecraft:soul_soil":7,"minecraft:stone_sword":14,"minecraft:chicken":3,"minecraft:iron_boots":1,"minecraft:stone_slab":31,"minecraft:nether_bricks":5,"minecraft:oak_sign":2,"minecraft:blast_furnace":1,"minecraft:diamond_sword":4,"minecraft:potato":1751,"minecraft:diamond_pickaxe":3,"minecraft:stone_pressure_plate":1,"minecraft:spider_eye":8,"minecraft:stone_bricks":1,"minecraft:bamboo":226,"minecraft:bow":7,"minecraft:magma_block":1,"minecraft:crimson_nylium":1,"minecraft:diamond_axe":1,"minecraft:warped_fungus":1,"minecraft:oak_log":21,"minecraft:baked_potato":44,"minecraft:ender_pearl":8,"minecraft:tide_armor_trim_smithing_template":1,"minecraft:leather":8,"minecraft:cod":468,"minecraft:flint":2,"minecraft:cornflower":2,"minecraft:crimson_roots":19,"minecraft:gold_ingot":5,"minecraft:gravel":7,"minecraft:crimson_fungus":1,"minecraft:chiseled_tuff_bricks":1,"minecraft:pointed_dripstone":1,"minecraft:cherry_sapling":1,"minecraft:prismarine":8,"minecraft:poppy":17,"minecraft:gunpowder":22,"minecraft:chest":1,"minecraft:basalt":3,"minecraft:arrow":9,"minecraft:powered_rail":1,"minecraft:prismarine_bricks":4,"minecraft:oak_leaves":10,"minecraft:netherrack":355,"minecraft:firework_rocket":239,"minecraft:water_bucket":1,"minecraft:bread":1,"minecraft:oak_slab":2,"minecraft:poisonous_potato":3,"minecraft:prismarine_shard":2285,"minecraft:spectral_arrow":9,"minecraft:polished_tuff":1,"minecraft:tropical_fish":3,"minecraft:stick":163,"minecraft:diorite":7,"minecraft:torch":1,"minecraft:bucket":3,"minecraft:dandelion":39,"minecraft:smooth_basalt":1,"minecraft:redstone":40,"minecraft:tuff_bricks":4,"minecraft:warped_nylium":3,"minecraft:raw_copper":7,"minecraft:tuff":8,"minecraft:villager_spawn_egg":1,"minecraft:shulker_box":1,"minecraft:shield":3,"minecraft:diamond_chestplate":1,"minecraft:iron_chestplate":2,"minecraft:andesite":9,"minecraft:mossy_stone_bricks":4,"minecraft:oak_sapling":3,"minecraft:stone_pickaxe":2,"minecraft:wooden_pickaxe":1,"minecraft:raw_gold":1,"minecraft:waxed_oxidized_copper_grate":1,"minecraft:brick":4}},"DataVersion":3953}