{"stats":{"minecraft:killed_by":{"minecraft:piglin":1,"minecraft:blaze":1,"minecraft:player":2,"minecraft:iron_golem":2,"minecraft:skeleton":1},"minecraft:custom":{"minecraft:interact_with_crafting_table":289,"minecraft:open_shulker_box":478,"minecraft:bell_ring":38,"minecraft:leave_game":21,"minecraft:time_since_death":550125,"minecraft:sprint_one_cm":2552225,"minecraft:damage_blocked_by_shield":8163,"minecraft:drop":320,"minecraft:talked_to_villager":35,"minecraft:play_time":1243659,"minecraft:deaths":10,"minecraft:jump":16327,"minecraft:interact_with_brewingstand":40,"minecraft:walk_on_water_one_cm":287065,"minecraft:enchant_item":32,"minecraft:interact_with_furnace":143,"minecraft:traded_with_villager":42,"minecraft:sleep_in_bed":37,"minecraft:damage_dealt":89837,"minecraft:player_kills":1,"minecraft:crouch_one_cm":413117,"minecraft:inspect_dispenser":1,"minecraft:interact_with_smoker":125,"minecraft:use_cauldron":19,"minecraft:interact_with_smithing_table":3,"minecraft:interact_with_anvil":6,"minecraft:mob_kills":2040,"minecraft:inspect_hopper":14,"minecraft:fill_cauldron":2,"minecraft:climb_one_cm":116451,"minecraft:walk_one_cm":2476127,"minecraft:sneak_time":101894,"minecraft:walk_under_water_one_cm":229660,"minecraft:boat_one_cm":75550,"minecraft:interact_with_blast_furnace":73,"minecraft:total_world_time":1243659,"minecraft:interact_with_grindstone":28,"minecraft:interact_with_stonecutter":6,"minecraft:time_since_rest":37708,"minecraft:damage_taken":16838,"minecraft:swim_one_cm":244714,"minecraft:fly_one_cm":4129545,"minecraft:open_chest":964,"minecraft:aviate_one_cm":8042677,"minecraft:fish_caught":8,"minecraft:fall_one_cm":387829},"minecraft:picked_up":{"minecraft:shulker_shell":8,"minecraft:iron_chestplate":5,"minecraft:redstone_block":3,"minecraft:prismarine_shard":957,"minecraft:yellow_wool":6,"minecraft:diamond_sword":6,"minecraft:oak_stairs":6,"minecraft:enchanted_book":1,"minecraft:crimson_planks":34,"minecraft:brewing_stand":1,"minecraft:string":34,"minecraft:soul_soil":78,"minecraft:raw_copper":19,"minecraft:iron_leggings":4,"minecraft:pufferfish":5,"minecraft:diamond_leggings":5,"minecraft:gold_nugget":1,"minecraft:cobbled_deepslate":142,"minecraft:bucket":5,"minecraft:redstone_torch":4,"minecraft:cobblestone_slab":66,"minecraft:ender_eye":13,"minecraft:iron_pickaxe":7,"minecraft:iron_boots":2,"minecraft:furnace":18,"minecraft:stick":158,"minecraft:oak_fence":23,"minecraft:torch":381,"minecraft:porkchop":21,"minecraft:cherry_log":237,"minecraft:pointed_dripstone":68,"minecraft:diorite":124,"minecraft:warped_planks":33,"minecraft:cauldron":3,"minecraft:zombie_spawn_egg":1,"minecraft:stone_sword":9,"minecraft:rotten_flesh":83,"minecraft:tropical_fish":1,"minecraft:end_rod":1,"minecraft:blaze_rod":15,"minecraft:music_disc_wait":1,"minecraft:obsidian":196,"minecraft:iron_bars":1,"minecraft:cobblestone":1769,"minecraft:cod":367,"minecraft:blaze_powder":8,"minecraft:birch_log":19,"minecraft:cooked_beef":1,"minecraft:cherry_planks":20,"minecraft:iron_door":1,"minecraft:cherry_leaves":25,"minecraft:water_bucket":10,"minecraft:andesite":13,"minecraft:potato":2082,"minecraft:smoker":6,"minecraft:flint":6,"minecraft:tuff":48,"minecraft:prismarine_bricks":4,"minecraft:wither_skeleton_skull":5,"minecraft:lapis_lazuli":497,"minecraft:dirt":14479,"minecraft:leather_boots":1,"minecraft:glass":26,"minecraft:bone":77,"minecraft:bow":7,"minecraft:wheat_seeds":212,"minecraft:raw_gold":1,"minecraft:bell":1,"minecraft:grindstone":2,"minecraft:mossy_stone_bricks":4,"minecraft:fletching_table":1,"minecraft:diamond_helmet":5,"minecraft:bamboo":422,"minecraft:powered_rail":7,"minecraft:prismarine":8,"minecraft:oak_planks":100,"minecraft:stone_hoe":2,"minecraft:cooked_porkchop":1,"minecraft:warped_wart_block":1,"minecraft:oak_pressure_plate":1,"minecraft:poisonous_potato":3,"minecraft:sand":333,"minecraft:light_blue_shulker_box":1,"minecraft:spectral_arrow":36,"minecraft:shulker_box":104,"minecraft:diamond":160,"minecraft:lever":1,"minecraft:granite":83,"minecraft:bone_meal":81,"minecraft:bread":115,"minecraft:oak_sapling":69,"minecraft:netherrack":2396,"minecraft:oak_leaves":16,"minecraft:crimson_roots":22,"minecraft:diamond_pickaxe":7,"minecraft:crafting_table":36,"minecraft:azure_bluet":2,"minecraft:ladder":2,"minecraft:ominous_bottle":1,"minecraft:nether_wart":46,"minecraft:brown_mushroom":11,"minecraft:wooden_pickaxe":1,"minecraft:shield":10,"minecraft:cornflower":4,"minecraft:oak_trapdoor":6,"minecraft:elytra":5,"minecraft:iron_axe":1,"minecraft:flint_and_steel":8,"minecraft:iron_shovel":1,"minecraft:cracked_stone_bricks":3,"minecraft:beef":45,"minecraft:oak_boat":56,"minecraft:poppy":18,"minecraft:minecart":12,"minecraft:sugar_cane":31,"minecraft:blue_shulker_box":6,"minecraft:chest":27,"minecraft:birch_sapling":3,"minecraft:piston":4,"minecraft:cherry_trapdoor":2,"minecraft:egg":1,"minecraft:raw_iron":600,"minecraft:end_stone":81,"minecraft:stone":15,"minecraft:oak_door":2,"minecraft:carrot":30,"minecraft:redstone":92,"minecraft:prismarine_crystals":345,"minecraft:arrow":71,"minecraft:weeping_vines":1,"minecraft:diamond_chestplate":5,"minecraft:nether_bricks":13,"minecraft:diamond_boots":5,"minecraft:hay_block":8,"minecraft:saddle":1,"minecraft:gold_ingot":5,"minecraft:oxeye_daisy":3,"minecraft:white_wool":16,"minecraft:bone_block":56,"minecraft:rail":102,"minecraft:wet_sponge":3,"minecraft:stripped_oak_log":1,"minecraft:basalt":4,"minecraft:tripwire_hook":1,"minecraft:salmon":10,"minecraft:leather":52,"minecraft:crimson_fungus":1,"minecraft:oak_log":336,"minecraft:lily_pad":46,"minecraft:cobblestone_wall":1,"minecraft:golden_boots":1,"minecraft:yellow_bed":5,"minecraft:nether_wart_block":3,"minecraft:gunpowder":108,"minecraft:cobblestone_stairs":2,"minecraft:blue_bed":1,"minecraft:white_banner":1,"minecraft:apple":10,"minecraft:stone_bricks":1,"minecraft:kelp":138,"minecraft:iron_ingot":192,"minecraft:cooked_chicken":3,"minecraft:cherry_sign":4,"minecraft:glass_bottle":2,"minecraft:iron_sword":4,"minecraft:soul_sand":345,"minecraft:book":36,"minecraft:scaffolding":430,"minecraft:oak_slab":7,"minecraft:smooth_basalt":1,"minecraft:warped_fungus":1,"minecraft:quartz":113,"minecraft:dandelion":42,"minecraft:dripstone_block":3,"minecraft:gravel":35,"minecraft:blast_furnace":5,"minecraft:white_bed":19,"minecraft:green_carpet":2,"minecraft:spider_eye":17,"minecraft:dragon_egg":1,"minecraft:firework_rocket":177,"minecraft:diamond_shovel":3,"minecraft:slime_ball":5,"minecraft:stone_axe":4,"minecraft:tide_armor_trim_smithing_template":1,"minecraft:iron_helmet":4,"minecraft:diamond_axe":4,"minecraft:cherry_sapling":51,"minecraft:warped_roots":7,"minecraft:baked_potato":198,"minecraft:warped_nylium":8,"minecraft:crimson_nylium":3,"minecraft:coal":877,"minecraft:hopper":4,"minecraft:ender_pearl":71},"minecraft:mined":{"minecraft:white_bed":21,"minecraft:cherry_log":224,"minecraft:cobblestone_stairs":4,"minecraft:brewing_stand":1,"minecraft:obsidian":193,"minecraft:granite":83,"minecraft:cherry_trapdoor":2,"minecraft:grass_block":6903,"minecraft:soul_soil":43,"minecraft:crimson_fungus":1,"minecraft:hopper":4,"minecraft:oxeye_daisy":1,"minecraft:spawner":1,"minecraft:weeping_vines_plant":1,"minecraft:tall_seagrass":27,"minecraft:iron_ore":45,"minecraft:fire":99,"minecraft:deepslate_lapis_ore":3,"minecraft:fletching_table":1,"minecraft:pointed_dripstone":11,"minecraft:dirt_path":44,"minecraft:iron_bars":1,"minecraft:oak_stairs":2,"minecraft:green_carpet":2,"minecraft:azalea_leaves":1,"minecraft:tripwire":1,"minecraft:deepslate_redstone_ore":1,"minecraft:brown_mushroom":11,"minecraft:crimson_nylium":57,"minecraft:kelp_plant":22,"minecraft:smoker":6,"minecraft:torch":29,"minecraft:blast_furnace":4,"minecraft:poppy":7,"minecraft:chest":21,"minecraft:glass":33,"minecraft:cobblestone":225,"minecraft:nether_quartz_ore":22,"minecraft:oak_planks":50,"minecraft:sugar_cane":8,"minecraft:grindstone":2,"minecraft:iron_door":2,"minecraft:wall_torch":12,"minecraft:cauldron":3,"minecraft:deepslate_copper_ore":2,"minecraft:seagrass":11,"minecraft:warped_nylium":10,"minecraft:powered_rail":7,"minecraft:nether_wart_block":5,"minecraft:birch_log":19,"minecraft:yellow_wool":3,"minecraft:wheat":14,"minecraft:pumpkin_stem":1,"minecraft:oak_log":290,"minecraft:dirt":8249,"minecraft:sand":340,"minecraft:crimson_planks":2,"minecraft:smooth_basalt":2,"minecraft:blue_shulker_box":6,"minecraft:tripwire_hook":2,"minecraft:netherrack":2235,"minecraft:oak_leaves":123,"minecraft:deepslate":144,"minecraft:diamond_ore":2,"minecraft:tuff":48,"minecraft:deepslate_diamond_ore":60,"minecraft:cherry_sapling":2,"minecraft:end_stone":43,"minecraft:shulker_box":104,"minecraft:nether_bricks":17,"minecraft:lever":1,"minecraft:crimson_roots":7,"minecraft:kelp":10,"minecraft:hay_block":9,"minecraft:oak_trapdoor":7,"minecraft:furnace":12,"minecraft:carrots":5,"minecraft:nether_sprouts":1,"minecraft:andesite":13,"minecraft:bell":2,"minecraft:bookshelf":12,"minecraft:potatoes":279,"minecraft:cobblestone_slab":19,"minecraft:deepslate_iron_ore":121,"minecraft:rail":84,"minecraft:stripped_oak_log":1,"minecraft:bamboo":57,"minecraft:stone":1430,"minecraft:bone_block":14,"minecraft:redstone_wall_torch":1,"minecraft:white_wool":3,"minecraft:oak_slab":6,"minecraft:scaffolding":34,"minecraft:light_blue_shulker_box":1,"minecraft:cherry_planks":12,"minecraft:soul_sand":328,"minecraft:infested_stone_bricks":1,"minecraft:dandelion":13,"minecraft:basalt":2,"minecraft:oak_fence":21,"minecraft:crafting_table":28,"minecraft:cornflower":5,"minecraft:short_grass":309,"minecraft:warped_roots":5,"minecraft:copper_ore":3,"minecraft:tall_grass":75,"minecraft:lapis_ore":18,"minecraft:lily_pad":25,"minecraft:sculk":5,"minecraft:diorite":124,"minecraft:blue_bed":1,"minecraft:warped_wart_block":1,"minecraft:cobblestone_wall":3,"minecraft:redstone_torch":2,"minecraft:birch_leaves":5,"minecraft:yellow_bed":6,"minecraft:coal_ore":132,"minecraft:gravel":37,"minecraft:cherry_leaves":58,"minecraft:dripstone_block":1,"minecraft:cracked_stone_bricks":3,"minecraft:stone_bricks":1,"minecraft:mossy_stone_bricks":4},"minecraft:used":{"minecraft:cherry_sapling":9,"minecraft:iron_shovel":403,"minecraft:oak_sign":9,"minecraft:dispenser":2,"minecraft:elytra":1,"minecraft:ladder":15,"minecraft:shield":109,"minecraft:chest":117,"minecraft:stone":161,"minecraft:iron_sword":507,"minecraft:zombie_spawn_egg":2,"minecraft:bell":1,"minecraft:iron_chestplate":1,"minecraft:soul_sand":240,"minecraft:nether_bricks":11,"minecraft:carrot":10,"minecraft:tuff":9,"minecraft:obsidian":183,"minecraft:milk_bucket":1,"minecraft:glass":407,"minecraft:lava_bucket":44,"minecraft:villager_spawn_egg":19,"minecraft:grass_block":2,"minecraft:warped_nylium":3,"minecraft:hopper_minecart":2,"minecraft:item_frame":8,"minecraft:bow":29,"minecraft:scaffolding":455,"minecraft:blue_shulker_box":5,"minecraft:furnace":18,"minecraft:potato":431,"minecraft:golden_boots":1,"minecraft:diorite":91,"minecraft:oak_planks":39,"minecraft:stone_pickaxe":84,"minecraft:powered_rail":27,"minecraft:wither_skeleton_skull":1,"minecraft:ender_pearl":8,"minecraft:wooden_pickaxe":14,"minecraft:diamond_axe":584,"minecraft:redstone_block":6,"minecraft:composter":2,"minecraft:blue_bed":1,"minecraft:sand":1,"minecraft:blast_furnace":4,"minecraft:end_stone":57,"minecraft:shears":1,"minecraft:dripstone_block":1,"minecraft:redstone_torch":11,"minecraft:sticky_piston":2,"minecraft:lever":2,"minecraft:firework_rocket":309,"minecraft:stone_button":2,"minecraft:string":6,"minecraft:bread":46,"minecraft:cherry_sign":1,"minecraft:gravel":1,"minecraft:nether_wart_block":1,"minecraft:diamond_sword":948,"minecraft:grindstone":1,"minecraft:air":1,"minecraft:oak_boat":53,"minecraft:bone_meal":305,"minecraft:oak_trapdoor":14,"minecraft:iron_bars":3,"minecraft:enchanting_table":2,"minecraft:stone_sword":45,"minecraft:flint_and_steel":31,"minecraft:redstone":15,"minecraft:stone_hoe":87,"minecraft:cooked_chicken":4,"minecraft:netherrack":1643,"minecraft:torch":534,"minecraft:dragon_egg":1,"minecraft:brewing_stand":1,"minecraft:dirt":2969,"minecraft:warped_wart_block":1,"minecraft:hopper":49,"minecraft:cobblestone_wall":66,"minecraft:diamond_helmet":1,"minecraft:shulker_box":109,"minecraft:allay_spawn_egg":1,"minecraft:granite":10,"minecraft:iron_hoe":90,"minecraft:bookshelf":27,"minecraft:iron_axe":163,"minecraft:cherry_trapdoor":11,"minecraft:cherry_fence_gate":29,"minecraft:crimson_planks":2,"minecraft:bamboo":12,"minecraft:diamond_chestplate":1,"minecraft:tripwire_hook":4,"minecraft:iron_trapdoor":4,"minecraft:minecart":12,"minecraft:cherry_fence":2,"minecraft:pointed_dripstone":18,"minecraft:cooked_beef":9,"minecraft:observer":8,"minecraft:cobbled_deepslate":78,"minecraft:water_bucket":236,"minecraft:light_blue_shulker_box":1,"minecraft:cobblestone_stairs":54,"minecraft:glass_bottle":16,"minecraft:baked_potato":269,"minecraft:cherry_planks":1,"minecraft:cobblestone_slab":158,"minecraft:cauldron":15,"minecraft:fletching_table":2,"minecraft:stonecutter":1,"minecraft:salmon":1,"minecraft:rail":437,"minecraft:comparator":2,"minecraft:tnt":3,"minecraft:oak_slab":74,"minecraft:crafting_table":39,"minecraft:white_bed":57,"minecraft:cod":1,"minecraft:warped_planks":18,"minecraft:smoker":9,"minecraft:oak_log":11,"minecraft:piston":12,"minecraft:ender_eye":13,"minecraft:diamond_pickaxe":4502,"minecraft:diamond_shovel":15492,"minecraft:iron_pickaxe":996,"minecraft:crimson_nylium":2,"minecraft:stone_axe":82,"minecraft:fishing_rod":69,"minecraft:cobblestone":1090,"minecraft:potion":4,"minecraft:cooked_porkchop":10,"minecraft:bucket":288,"minecraft:yellow_bed":4,"minecraft:splash_potion":5},"minecraft:killed":{"minecraft:witch":1,"minecraft:spider":23,"minecraft:shulker":17,"minecraft:skeleton":50,"minecraft:guardian":1676,"minecraft:silverfish":1,"minecraft:piglin":10,"minecraft:pig":6,"minecraft:zombie_villager":2,"minecraft:elder_guardian":3,"minecraft:iron_golem":14,"minecraft:creeper":38,"minecraft:pillager":4,"minecraft:zombie":76,"minecraft:blaze":12,"minecraft:cow":16,"minecraft:allay":1,"minecraft:slime":1,"minecraft:horse":7,"minecraft:drowned":1,"minecraft:frog":2,"minecraft:hoglin":5,"minecraft:wither_skeleton":3,"minecraft:villager":17,"minecraft:enderman":46},"minecraft:crafted":{"minecraft:smooth_stone":3,"minecraft:oak_planks":952,"minecraft:cobblestone_slab":150,"minecraft:oak_sign":9,"minecraft:blaze_powder":10,"minecraft:cooked_chicken":3,"minecraft:stone":13,"minecraft:cobblestone_stairs":37,"minecraft:lever":1,"minecraft:diamond_shovel":1,"minecraft:bookshelf":39,"minecraft:shulker_box":4,"minecraft:iron_bars":16,"minecraft:glass":320,"minecraft:hopper":47,"minecraft:diamond_helmet":1,"minecraft:comparator":2,"minecraft:chest":157,"minecraft:rail":352,"minecraft:stone_hoe":1,"minecraft:ender_eye":10,"minecraft:cherry_fence":6,"minecraft:golden_boots":1,"minecraft:smoker":2,"minecraft:glass_bottle":15,"minecraft:oak_slab":90,"minecraft:item_frame":11,"minecraft:emerald":18,"minecraft:cauldron":12,"minecraft:cooked_porkchop":9,"minecraft:diamond_axe":1,"minecraft:crafting_table":10,"minecraft:wooden_pickaxe":1,"minecraft:baked_potato":520,"minecraft:sticky_piston":2,"minecraft:hopper_minecart":2,"minecraft:fletching_table":1,"minecraft:birch_planks":76,"minecraft:tnt":2,"minecraft:iron_chestplate":2,"minecraft:paper":54,"minecraft:diamond_pickaxe":1,"minecraft:cherry_sign":3,"minecraft:shield":4,"minecraft:stick":416,"minecraft:iron_ingot":161,"minecraft:iron_pickaxe":3,"minecraft:stone_sword":1,"minecraft:gold_ingot":40,"minecraft:redstone_torch":11,"minecraft:composter":2,"minecraft:shears":1,"minecraft:golden_carrot":2,"minecraft:cherry_planks":948,"minecraft:oak_door":3,"minecraft:redstone":51,"minecraft:fishing_rod":3,"minecraft:tripwire_hook":2,"minecraft:furnace":8,"minecraft:blast_furnace":1,"minecraft:piston":2,"minecraft:yellow_bed":1,"minecraft:bone_meal":201,"minecraft:andesite_wall":6,"minecraft:oak_trapdoor":8,"minecraft:flint_and_steel":1,"minecraft:scaffolding":394,"minecraft:cherry_trapdoor":8,"minecraft:iron_axe":1,"minecraft:ladder":24,"minecraft:iron_hoe":1,"minecraft:stone_pickaxe":2,"minecraft:cobblestone_wall":78,"minecraft:redstone_block":3,"minecraft:cherry_fence_gate":31,"minecraft:minecart":3,"minecraft:wheat":72,"minecraft:cooked_beef":8,"minecraft:sugar":4,"minecraft:iron_trapdoor":4,"minecraft:enchanting_table":1,"minecraft:powered_rail":6,"minecraft:iron_sword":3,"minecraft:bucket":27,"minecraft:stone_axe":1,"minecraft:air":0,"minecraft:bread":24,"minecraft:oak_boat":6,"minecraft:white_wool":112,"minecraft:golden_apple":5,"minecraft:gold_nugget":18,"minecraft:fermented_spider_eye":4,"minecraft:iron_shovel":1,"minecraft:stonecutter":1,"minecraft:white_bed":42,"minecraft:torch":356,"minecraft:lapis_lazuli":12,"minecraft:firework_rocket":198},"minecraft:broken":{"minecraft:iron_shovel":1,"minecraft:iron_sword":1,"minecraft:fishing_rod":1,"minecraft:shield":1,"minecraft:iron_pickaxe":3},"minecraft:dropped":{"minecraft:crimson_nylium":1,"minecraft:iron_sword":1,"minecraft:lapis_lazuli":195,"minecraft:diamond_axe":1,"minecraft:warped_fungus":1,"minecraft:oak_log":21,"minecraft:baked_potato":27,"minecraft:ender_pearl":8,"minecraft:glass_bottle":3,"minecraft:weeping_vines":1,"minecraft:warped_roots":7,"minecraft:tide_armor_trim_smithing_template":1,"minecraft:saddle":1,"minecraft:elytra":1,"minecraft:cod":133,"minecraft:flint":2,"minecraft:dirt":313,"minecraft:cornflower":2,"minecraft:crimson_roots":19,"minecraft:cherry_leaves":7,"minecraft:gold_nugget":2,"minecraft:sand":1,"minecraft:iron_pickaxe":1,"minecraft:fishing_rod":1,"minecraft:gold_ingot":5,"minecraft:bone":8,"minecraft:gravel":6,"minecraft:crimson_fungus":1,"minecraft:cooked_chicken":2,"minecraft:cobbled_deepslate":11,"minecraft:birch_sapling":3,"minecraft:obsidian":1,"minecraft:pointed_dripstone":1,"minecraft:cherry_sapling":1,"minecraft:rotten_flesh":15,"minecraft:prismarine":8,"minecraft:azure_bluet":2,"minecraft:white_bed":1,"minecraft:salmon":3,"minecraft:poppy":15,"minecraft:gunpowder":1,"minecraft:chest":1,"minecraft:basalt":2,"minecraft:arrow":7,"minecraft:glass":45,"minecraft:prismarine_bricks":4,"minecraft:oak_leaves":7,"minecraft:netherrack":32,"minecraft:firework_rocket":167,"minecraft:egg":5,"minecraft:water_bucket":1,"minecraft:iron_ingot":3,"minecraft:oak_slab":2,"minecraft:wheat_seeds":143,"minecraft:dripstone_block":1,"minecraft:poisonous_potato":3,"minecraft:prismarine_shard":634,"minecraft:book":46,"minecraft:iron_helmet":1,"minecraft:cobblestone":63,"minecraft:prismarine_crystals":242,"minecraft:spectral_arrow":9,"minecraft:granite":47,"minecraft:tropical_fish":1,"minecraft:pufferfish":2,"minecraft:stick":46,"minecraft:oxeye_daisy":3,"minecraft:diorite":1,"minecraft:torch":1,"minecraft:cherry_planks":44,"minecraft:white_banner":1,"minecraft:string":449,"minecraft:smooth_basalt":1,"minecraft:dandelion":38,"minecraft:zombie_spawn_egg":2,"minecraft:warped_nylium":3,"minecraft:stone_sword":8,"minecraft:tuff":6,"minecraft:iron_boots":1,"minecraft:villager_spawn_egg":1,"minecraft:blast_furnace":1,"minecraft:diamond_sword":1,"minecraft:potato":1658,"minecraft:shield":3,"minecraft:diamond_pickaxe":3,"minecraft:iron_chestplate":2,"minecraft:andesite":9,"minecraft:mossy_stone_bricks":4,"minecraft:oak_sapling":3,"minecraft:bamboo":3,"minecraft:spider_eye":8,"minecraft:stone_bricks":1,"minecraft:bow":1,"minecraft:wooden_pickaxe":1,"minecraft:stone_pickaxe":2,"minecraft:raw_gold":1}},"DataVersion":3953}