{"stats":{"minecraft:used":{"minecraft:glass":1,"minecraft:netherite_sword":16,"minecraft:cobblestone":4,"minecraft:villager_spawn_egg":2,"minecraft:cobblestone_slab":8},"minecraft:custom":{"minecraft:time_since_rest":231628,"minecraft:open_chest":2,"minecraft:crouch_one_cm":3,"minecraft:play_time":231628,"minecraft:sprint_one_cm":3128,"minecraft:walk_one_cm":3259,"minecraft:sneak_time":499,"minecraft:walk_under_water_one_cm":2890,"minecraft:mob_kills":3,"minecraft:jump":27,"minecraft:damage_dealt":1399,"minecraft:leave_game":1,"minecraft:time_since_death":231628,"minecraft:walk_on_water_one_cm":1856,"minecraft:total_world_time":231628,"minecraft:fly_one_cm":77861},"minecraft:picked_up":{"minecraft:iron_ingot":4,"minecraft:poppy":1},"minecraft:killed":{"minecraft:iron_golem":1,"minecraft:villager":2}},"DataVersion":3953}