{"stats":{"minecraft:killed":{"minecraft:cave_spider":1,"minecraft:witch":1,"minecraft:spider":4,"minecraft:shulker":14,"minecraft:skeleton":41,"minecraft:guardian":1706,"minecraft:chicken":7,"minecraft:silverfish":2,"minecraft:magma_cube":4,"minecraft:piglin":3,"minecraft:pig":8,"minecraft:zombie_villager":1,"minecraft:creeper":17,"minecraft:sheep":6,"minecraft:zombie":50,"minecraft:blaze":5,"minecraft:cow":7,"minecraft:horse":6,"minecraft:drowned":1,"minecraft:hoglin":3,"minecraft:breeze":2,"minecraft:enderman":4},"minecraft:used":{"minecraft:cherry_sapling":51,"minecraft:iron_shovel":2993,"minecraft:elytra":1,"minecraft:shield":106,"minecraft:ladder":2,"minecraft:poppy":1,"minecraft:chest":12,"minecraft:nether_wart":14,"minecraft:iron_sword":306,"minecraft:iron_chestplate":1,"minecraft:soul_sand":7,"minecraft:nether_bricks":12,"minecraft:prismarine_brick_stairs":7,"minecraft:milk_bucket":14,"minecraft:obsidian":16,"minecraft:glass":45,"minecraft:lava_bucket":3,"minecraft:warped_nylium":1,"minecraft:iron_helmet":3,"minecraft:crimson_roots":6,"minecraft:stone_bricks":1,"minecraft:magma_block":3,"minecraft:bow":27,"minecraft:scaffolding":1,"minecraft:blue_shulker_box":4,"minecraft:oak_sapling":2,"minecraft:egg":2,"minecraft:potato":46,"minecraft:diamond_boots":4,"minecraft:end_rod":3,"minecraft:oak_planks":70,"minecraft:stone_pickaxe":182,"minecraft:blackstone":16,"minecraft:ender_pearl":3,"minecraft:sugar_cane":25,"minecraft:blue_bed":1,"minecraft:blast_furnace":3,"minecraft:lingering_potion":3,"minecraft:dripstone_block":1,"minecraft:end_stone":36,"minecraft:firework_rocket":51,"minecraft:bread":49,"minecraft:iron_door":1,"minecraft:gravel":15,"minecraft:golden_helmet":1,"minecraft:nether_wart_block":7,"minecraft:diamond_sword":576,"minecraft:fire_charge":2,"minecraft:grindstone":5,"minecraft:smithing_table":1,"minecraft:oak_boat":7,"minecraft:purpur_block":1,"minecraft:armor_stand":1,"minecraft:stone_sword":5,"minecraft:flint_and_steel":13,"minecraft:stone_shovel":121,"minecraft:redstone":8,"minecraft:cooked_chicken":3,"minecraft:netherrack":990,"minecraft:oak_door":1,"minecraft:anvil":2,"minecraft:dirt":1120,"minecraft:torch":431,"minecraft:dragon_egg":1,"minecraft:brewing_stand":2,"minecraft:warped_wart_block":4,"minecraft:hopper":3,"minecraft:diamond_helmet":2,"minecraft:shulker_box":13,"minecraft:nether_brick_stairs":1,"minecraft:bookshelf":7,"minecraft:iron_block":5,"minecraft:iron_axe":839,"minecraft:iron_boots":3,"minecraft:crimson_planks":44,"minecraft:smooth_basalt":4,"minecraft:bamboo":7,"minecraft:diamond_chestplate":6,"minecraft:golden_carrot":5,"minecraft:beef":3,"minecraft:cherry_log":4,"minecraft:cooked_beef":16,"minecraft:observer":17,"minecraft:cobbled_deepslate":111,"minecraft:iron_leggings":3,"minecraft:cooked_mutton":3,"minecraft:water_bucket":52,"minecraft:light_blue_shulker_box":10,"minecraft:cobblestone_stairs":1,"minecraft:birch_planks":14,"minecraft:baked_potato":103,"minecraft:cherry_planks":104,"minecraft:cauldron":3,"minecraft:warped_roots":8,"minecraft:mossy_cobblestone":1,"minecraft:oak_slab":16,"minecraft:crafting_table":19,"minecraft:white_bed":23,"minecraft:warped_planks":40,"minecraft:smoker":1,"minecraft:oak_log":1,"minecraft:piston":8,"minecraft:cornflower":1,"minecraft:diamond_pickaxe":3797,"minecraft:oxeye_daisy":1,"minecraft:wind_charge":1,"minecraft:iron_pickaxe":856,"minecraft:suspicious_stew":1,"minecraft:stone_axe":64,"minecraft:cobblestone":83,"minecraft:potion":1,"minecraft:porkchop":8,"minecraft:cooked_porkchop":13,"minecraft:bucket":58,"minecraft:yellow_bed":3,"minecraft:dandelion":1,"minecraft:diamond_leggings":2},"minecraft:mined":{"minecraft:dark_oak_planks":15,"minecraft:spruce_planks":3,"minecraft:white_bed":2,"minecraft:cherry_log":188,"minecraft:sculk_vein":3,"minecraft:cobblestone_stairs":2,"minecraft:brewing_stand":2,"minecraft:obsidian":29,"minecraft:granite":6,"minecraft:grass_block":1320,"minecraft:crimson_fungus":2,"minecraft:hopper":2,"minecraft:tuff_bricks":3,"minecraft:nether_wart":27,"minecraft:spawner":2,"minecraft:weeping_vines_plant":1,"minecraft:magma_block":8,"minecraft:iron_ore":70,"minecraft:cobbled_deepslate":24,"minecraft:fire":32,"minecraft:nether_brick_stairs":1,"minecraft:dark_oak_stairs":6,"minecraft:enchanting_table":1,"minecraft:pointed_dripstone":10,"minecraft:dirt_path":22,"minecraft:oak_stairs":48,"minecraft:iron_bars":3,"minecraft:end_stone_bricks":2,"minecraft:iron_block":5,"minecraft:spruce_slab":1,"minecraft:deepslate_redstone_ore":38,"minecraft:crimson_nylium":2,"minecraft:torch":26,"minecraft:jungle_stairs":7,"minecraft:blast_furnace":2,"minecraft:calcite":4,"minecraft:poppy":1,"minecraft:chest":6,"minecraft:glass":1,"minecraft:nether_quartz_ore":59,"minecraft:cobblestone":42,"minecraft:oak_planks":114,"minecraft:sugar_cane":22,"minecraft:grindstone":4,"minecraft:iron_door":1,"minecraft:wall_torch":13,"minecraft:amethyst_block":8,"minecraft:pink_petals":2,"minecraft:warped_nylium":3,"minecraft:nether_wart_block":5,"minecraft:yellow_wool":6,"minecraft:birch_log":27,"minecraft:waxed_copper_block":1,"minecraft:warped_fungus":6,"minecraft:purpur_block":1,"minecraft:oak_log":152,"minecraft:sand":156,"minecraft:dirt":1397,"minecraft:crimson_planks":3,"minecraft:smooth_basalt":3,"minecraft:blue_shulker_box":2,"minecraft:netherrack":1873,"minecraft:oak_leaves":22,"minecraft:deepslate":233,"minecraft:nether_gold_ore":26,"minecraft:tuff":42,"minecraft:mossy_cobblestone":4,"minecraft:deepslate_diamond_ore":24,"minecraft:oak_door":2,"minecraft:decorated_pot":7,"minecraft:end_stone":123,"minecraft:shulker_box":14,"minecraft:nether_bricks":8,"minecraft:ladder":2,"minecraft:jungle_planks":11,"minecraft:crimson_roots":7,"minecraft:weeping_vines":1,"minecraft:spruce_leaves":10,"minecraft:sandstone":17,"minecraft:crimson_stem":14,"minecraft:large_fern":1,"minecraft:hay_block":28,"minecraft:redstone_ore":4,"minecraft:oak_trapdoor":4,"minecraft:furnace":1,"minecraft:andesite":18,"minecraft:gold_block":3,"minecraft:bookshelf":33,"minecraft:potatoes":46,"minecraft:deepslate_iron_ore":51,"minecraft:rail":2,"minecraft:warped_stem":20,"minecraft:bamboo":2,"minecraft:stone":1551,"minecraft:bone_block":7,"minecraft:white_wool":6,"minecraft:smithing_table":1,"minecraft:oak_slab":14,"minecraft:scaffolding":1,"minecraft:light_blue_shulker_box":9,"minecraft:glass_pane":6,"minecraft:cherry_planks":92,"minecraft:soul_sand":10,"minecraft:observer":9,"minecraft:dandelion":2,"minecraft:oak_fence":24,"minecraft:crafting_table":10,"minecraft:cornflower":2,"minecraft:short_grass":160,"minecraft:emerald_ore":5,"minecraft:warped_roots":4,"minecraft:sculk_sensor":3,"minecraft:tall_grass":62,"minecraft:lapis_ore":14,"minecraft:deepslate_gold_ore":33,"minecraft:sculk":210,"minecraft:diorite":14,"minecraft:blue_bed":1,"minecraft:warped_wart_block":4,"minecraft:spruce_stairs":2,"minecraft:jungle_fence":2,"minecraft:yellow_bed":1,"minecraft:coal_ore":258,"minecraft:flower_pot":1,"minecraft:end_rod":3,"minecraft:cherry_leaves":48,"minecraft:gravel":65,"minecraft:dripstone_block":1,"minecraft:cobweb":80,"minecraft:stone_bricks":1,"minecraft:gold_ore":23},"minecraft:broken":{"minecraft:iron_shovel":11,"minecraft:stone_pickaxe":1,"minecraft:iron_sword":1,"minecraft:iron_axe":1,"minecraft:iron_pickaxe":2},"minecraft:crafted":{"minecraft:smooth_stone":4,"minecraft:oak_planks":700,"minecraft:cobblestone_slab":2542,"minecraft:cooked_chicken":4,"minecraft:stone":14,"minecraft:bookshelf":7,"minecraft:nether_brick":1,"minecraft:shulker_box":2,"minecraft:cooked_mutton":3,"minecraft:warped_planks":80,"minecraft:hopper":26,"minecraft:bow":7,"minecraft:diamond_helmet":3,"minecraft:diamond_leggings":3,"minecraft:iron_boots":2,"minecraft:chest":33,"minecraft:raw_iron_block":4,"minecraft:smoker":1,"minecraft:emerald":32,"minecraft:cauldron":3,"minecraft:cooked_porkchop":19,"minecraft:crafting_table":10,"minecraft:iron_helmet":2,"minecraft:baked_potato":185,"minecraft:prismarine_bricks":94,"minecraft:birch_planks":108,"minecraft:diamond_pickaxe":3,"minecraft:shield":2,"minecraft:stick":1272,"minecraft:light_blue_dye":2,"minecraft:iron_ingot":482,"minecraft:iron_pickaxe":4,"minecraft:light_blue_shulker_box":1,"minecraft:iron_block":295,"minecraft:stone_sword":1,"minecraft:gold_ingot":8,"minecraft:cherry_planks":668,"minecraft:raw_iron":36,"minecraft:coal":144,"minecraft:stone_shovel":1,"minecraft:smooth_stone_slab":6,"minecraft:wind_charge":4,"minecraft:furnace":1,"minecraft:piston":8,"minecraft:yellow_bed":2,"minecraft:bone_meal":97,"minecraft:blue_shulker_box":1,"minecraft:prismarine_brick_stairs":4,"minecraft:flint_and_steel":1,"minecraft:iron_axe":3,"minecraft:stone_pickaxe":1,"minecraft:diamond_boots":3,"minecraft:redstone_block":2,"minecraft:observer":8,"minecraft:wheat":261,"minecraft:cooked_beef":18,"minecraft:coal_block":16,"minecraft:crimson_planks":52,"minecraft:diamond_sword":2,"minecraft:iron_sword":1,"minecraft:bowl":4,"minecraft:bucket":3,"minecraft:stone_axe":2,"minecraft:air":0,"minecraft:bread":87,"minecraft:blue_dye":2,"minecraft:oak_boat":1,"minecraft:white_wool":8,"minecraft:white_dye":1,"minecraft:iron_shovel":14,"minecraft:iron_leggings":2,"minecraft:armor_stand":1,"minecraft:anvil":2,"minecraft:white_bed":3,"minecraft:torch":456,"minecraft:diamond_chestplate":2},"minecraft:custom":{"minecraft:interact_with_crafting_table":167,"minecraft:open_barrel":5,"minecraft:open_shulker_box":144,"minecraft:bell_ring":18,"minecraft:leave_game":4,"minecraft:time_since_death":356224,"minecraft:sprint_one_cm":1564719,"minecraft:damage_blocked_by_shield":5700,"minecraft:drop":339,"minecraft:talked_to_villager":33,"minecraft:play_time":700021,"minecraft:deaths":5,"minecraft:jump":11680,"minecraft:interact_with_brewingstand":8,"minecraft:enchant_item":40,"minecraft:walk_on_water_one_cm":79484,"minecraft:interact_with_furnace":51,"minecraft:traded_with_villager":33,"minecraft:interact_with_cartography_table":2,"minecraft:sleep_in_bed":13,"minecraft:open_enderchest":1,"minecraft:damage_dealt":41557,"minecraft:player_kills":2,"minecraft:crouch_one_cm":85358,"minecraft:interact_with_smoker":58,"minecraft:inspect_dispenser":14,"minecraft:use_cauldron":4,"minecraft:interact_with_smithing_table":4,"minecraft:interact_with_anvil":8,"minecraft:mob_kills":1903,"minecraft:inspect_hopper":13,"minecraft:climb_one_cm":33943,"minecraft:walk_one_cm":1613517,"minecraft:sneak_time":32101,"minecraft:walk_under_water_one_cm":67920,"minecraft:boat_one_cm":195566,"minecraft:interact_with_blast_furnace":59,"minecraft:total_world_time":700021,"minecraft:interact_with_stonecutter":1,"minecraft:interact_with_grindstone":37,"minecraft:time_since_rest":53724,"minecraft:damage_taken":10269,"minecraft:swim_one_cm":106596,"minecraft:fly_one_cm":2340150,"minecraft:open_chest":551,"minecraft:aviate_one_cm":2060643,"minecraft:fall_one_cm":306919},"minecraft:killed_by":{"minecraft:player":1,"minecraft:enderman":1},"minecraft:picked_up":{"minecraft:shulker_shell":9,"minecraft:iron_chestplate":3,"minecraft:flower_pot":1,"minecraft:redstone_block":4,"minecraft:prismarine_shard":935,"minecraft:yellow_wool":6,"minecraft:smithing_table":1,"minecraft:diamond_sword":5,"minecraft:oak_stairs":44,"minecraft:enchanted_book":1,"minecraft:crimson_planks":2,"minecraft:brewing_stand":2,"minecraft:golden_sword":1,"minecraft:amethyst_block":8,"minecraft:string":417,"minecraft:iron_leggings":2,"minecraft:pufferfish":4,"minecraft:diamond_leggings":1,"minecraft:gold_nugget":144,"minecraft:cobbled_deepslate":220,"minecraft:bucket":2,"minecraft:spruce_planks":3,"minecraft:trial_key":2,"minecraft:cobblestone_slab":8,"minecraft:calcite":4,"minecraft:iron_pickaxe":2,"minecraft:iron_boots":2,"minecraft:furnace":1,"minecraft:stick":70,"minecraft:oak_fence":19,"minecraft:torch":67,"minecraft:spruce_stairs":2,"minecraft:porkchop":22,"minecraft:cherry_log":188,"minecraft:pointed_dripstone":38,"minecraft:diorite":1,"minecraft:warped_planks":21,"minecraft:stone_sword":2,"minecraft:rotten_flesh":109,"minecraft:tropical_fish":1,"minecraft:iron_block":5,"minecraft:end_rod":5,"minecraft:blaze_rod":3,"minecraft:obsidian":26,"minecraft:cod":318,"minecraft:cobblestone":1709,"minecraft:birch_log":27,"minecraft:enchanting_table":1,"minecraft:pink_petals":7,"minecraft:magma_block":6,"minecraft:feather":8,"minecraft:cooked_beef":36,"minecraft:magma_cream":3,"minecraft:cherry_planks":147,"minecraft:iron_door":1,"minecraft:water_bucket":2,"minecraft:andesite":26,"minecraft:potato":107,"minecraft:flint":15,"minecraft:tuff":31,"minecraft:lapis_lazuli":399,"minecraft:dirt":2759,"minecraft:glass":45,"minecraft:bone":84,"minecraft:bow":1,"minecraft:wheat_seeds":30,"minecraft:raw_gold":139,"minecraft:grindstone":4,"minecraft:mossy_stone_bricks":4,"minecraft:diamond_helmet":1,"minecraft:bamboo":20,"minecraft:oak_planks":109,"minecraft:cooked_porkchop":5,"minecraft:warped_wart_block":4,"minecraft:poisonous_potato":1,"minecraft:sand":169,"minecraft:jungle_planks":9,"minecraft:light_blue_shulker_box":9,"minecraft:nether_brick_stairs":1,"minecraft:shulker_box":14,"minecraft:mossy_cobblestone":4,"minecraft:diamond":49,"minecraft:breeze_rod":12,"minecraft:granite":5,"minecraft:emerald":17,"minecraft:golden_horse_armor":2,"minecraft:bread":7,"minecraft:oak_sapling":2,"minecraft:netherrack":2231,"minecraft:crimson_roots":6,"minecraft:diamond_pickaxe":3,"minecraft:end_stone_bricks":2,"minecraft:crafting_table":10,"minecraft:ladder":2,"minecraft:chicken":7,"minecraft:nether_wart":64,"minecraft:gold_block":3,"minecraft:purpur_block":1,"minecraft:brick":27,"minecraft:shield":4,"minecraft:cornflower":4,"minecraft:oak_trapdoor":4,"minecraft:elytra":3,"minecraft:iron_axe":3,"minecraft:flint_and_steel":2,"minecraft:iron_shovel":1,"minecraft:blackstone":16,"minecraft:beef":6,"minecraft:oak_boat":9,"minecraft:observer":9,"minecraft:poppy":3,"minecraft:spruce_slab":1,"minecraft:blue_shulker_box":2,"minecraft:sugar_cane":81,"minecraft:chest":7,"minecraft:egg":6,"minecraft:raw_iron":216,"minecraft:sandstone":17,"minecraft:end_stone":100,"minecraft:oak_door":2,"minecraft:bowl":8,"minecraft:fire_charge":2,"minecraft:carrot":1,"minecraft:redstone":257,"minecraft:prismarine_crystals":332,"minecraft:dark_oak_planks":14,"minecraft:arrow":127,"minecraft:diamond_chestplate":2,"minecraft:jungle_stairs":4,"minecraft:nether_bricks":10,"minecraft:diamond_boots":1,"minecraft:hay_block":29,"minecraft:tuff_bricks":3,"minecraft:saddle":2,"minecraft:gold_ingot":17,"minecraft:bone_block":35,"minecraft:mutton":7,"minecraft:rail":2,"minecraft:white_wool":12,"minecraft:oxeye_daisy":1,"minecraft:crimson_stem":13,"minecraft:salmon":3,"minecraft:leather":33,"minecraft:jungle_fence":2,"minecraft:crimson_fungus":8,"minecraft:waxed_copper_block":1,"minecraft:oak_log":149,"minecraft:golden_boots":2,"minecraft:yellow_bed":2,"minecraft:nether_wart_block":7,"minecraft:gunpowder":38,"minecraft:cobblestone_stairs":2,"minecraft:blue_bed":1,"minecraft:stone_bricks":2,"minecraft:warped_stem":20,"minecraft:iron_ingot":67,"minecraft:stone_pickaxe":2,"minecraft:cooked_chicken":3,"minecraft:glass_bottle":1,"minecraft:iron_sword":3,"minecraft:soul_sand":20,"minecraft:dark_oak_stairs":5,"minecraft:book":169,"minecraft:oak_slab":16,"minecraft:smooth_basalt":5,"minecraft:warped_fungus":24,"minecraft:quartz":80,"minecraft:dandelion":3,"minecraft:dripstone_block":1,"minecraft:gravel":53,"minecraft:blast_furnace":4,"minecraft:white_bed":20,"minecraft:spider_eye":8,"minecraft:dragon_egg":1,"minecraft:firework_rocket":52,"minecraft:iron_helmet":2,"minecraft:cherry_sapling":48,"minecraft:warped_roots":8,"minecraft:baked_potato":91,"minecraft:warped_nylium":1,"minecraft:coal":393,"minecraft:hopper":2,"minecraft:ender_pearl":8},"minecraft:dropped":{"minecraft:birch_planks":1,"minecraft:lapis_lazuli":19,"minecraft:warped_fungus":12,"minecraft:baked_potato":14,"minecraft:ender_pearl":5,"minecraft:glass_bottle":2,"minecraft:diamond":5,"minecraft:cooked_porkchop":1,"minecraft:elytra":1,"minecraft:rail":2,"minecraft:flint":2,"minecraft:cod":2,"minecraft:dirt":2,"minecraft:gold_nugget":3,"minecraft:bone_meal":73,"minecraft:iron_pickaxe":2,"minecraft:white_wool":7,"minecraft:gold_ingot":11,"minecraft:bone":45,"minecraft:gravel":29,"minecraft:crimson_fungus":2,"minecraft:stone_axe":2,"minecraft:sugar_cane":17,"minecraft:cooked_chicken":3,"minecraft:cobbled_deepslate":90,"minecraft:obsidian":3,"minecraft:rotten_flesh":73,"minecraft:oak_planks":4,"minecraft:end_stone":64,"minecraft:waxed_copper_block":1,"minecraft:warped_planks":24,"minecraft:gunpowder":30,"minecraft:prismarine_bricks":85,"minecraft:netherrack":42,"minecraft:crimson_planks":10,"minecraft:water_bucket":2,"minecraft:iron_ingot":53,"minecraft:bread":37,"minecraft:wheat_seeds":29,"minecraft:golden_helmet":1,"minecraft:cherry_log":17,"minecraft:prismarine_crystals":42,"minecraft:oak_fence":4,"minecraft:diamond_leggings":1,"minecraft:poisonous_potato":1,"minecraft:prismarine_shard":73,"minecraft:iron_helmet":1,"minecraft:feather":5,"minecraft:cobblestone":49,"minecraft:amethyst_block":8,"minecraft:stick":6,"minecraft:cherry_planks":1,"minecraft:diamond_helmet":1,"minecraft:fire_charge":1,"minecraft:iron_leggings":1,"minecraft:iron_shovel":1,"minecraft:string":77,"minecraft:pink_petals":7,"minecraft:smooth_basalt":1,"minecraft:dandelion":2,"minecraft:redstone":3,"minecraft:furnace":1,"minecraft:tuff_bricks":3,"minecraft:stone_sword":3,"minecraft:tuff":31,"minecraft:bowl":5,"minecraft:stone_shovel":1,"minecraft:iron_boots":1,"minecraft:diamond_sword":1,"minecraft:shield":1,"minecraft:flower_pot":1,"minecraft:diamond_chestplate":1,"minecraft:diamond_pickaxe":2,"minecraft:andesite":16,"minecraft:oak_boat":1,"minecraft:golden_sword":1,"minecraft:bamboo":15,"minecraft:spider_eye":5,"minecraft:diamond_boots":1,"minecraft:bow":1,"minecraft:stone_pickaxe":2,"minecraft:calcite":4,"minecraft:brick":27}},"DataVersion":3953}