{"stats":{"minecraft:picked_up":{"minecraft:shulker_shell":9,"minecraft:iron_chestplate":3,"minecraft:redstone_block":4,"minecraft:prismarine_shard":779,"minecraft:yellow_wool":6,"minecraft:smithing_table":1,"minecraft:diamond_sword":5,"minecraft:oak_stairs":44,"minecraft:enchanted_book":1,"minecraft:crimson_planks":2,"minecraft:brewing_stand":2,"minecraft:golden_sword":1,"minecraft:amethyst_block":8,"minecraft:string":346,"minecraft:iron_leggings":2,"minecraft:pufferfish":2,"minecraft:diamond_leggings":1,"minecraft:gold_nugget":75,"minecraft:cobbled_deepslate":50,"minecraft:bucket":2,"minecraft:spruce_planks":3,"minecraft:cobblestone_slab":8,"minecraft:calcite":4,"minecraft:iron_pickaxe":2,"minecraft:iron_boots":2,"minecraft:furnace":1,"minecraft:stick":70,"minecraft:oak_fence":15,"minecraft:torch":64,"minecraft:spruce_stairs":2,"minecraft:porkchop":22,"minecraft:cherry_log":188,"minecraft:pointed_dripstone":38,"minecraft:diorite":1,"minecraft:warped_planks":21,"minecraft:stone_sword":2,"minecraft:rotten_flesh":37,"minecraft:tropical_fish":1,"minecraft:iron_block":5,"minecraft:end_rod":5,"minecraft:blaze_rod":3,"minecraft:obsidian":26,"minecraft:cod":267,"minecraft:cobblestone":1597,"minecraft:enchanting_table":1,"minecraft:birch_log":27,"minecraft:pink_petals":7,"minecraft:magma_block":4,"minecraft:cooked_beef":36,"minecraft:feather":8,"minecraft:magma_cream":3,"minecraft:cherry_planks":147,"minecraft:iron_door":1,"minecraft:water_bucket":2,"minecraft:andesite":14,"minecraft:potato":107,"minecraft:flint":9,"minecraft:lapis_lazuli":356,"minecraft:dirt":2758,"minecraft:glass":45,"minecraft:bone":58,"minecraft:bow":1,"minecraft:wheat_seeds":30,"minecraft:raw_gold":74,"minecraft:grindstone":4,"minecraft:mossy_stone_bricks":4,"minecraft:diamond_helmet":1,"minecraft:bamboo":5,"minecraft:oak_planks":105,"minecraft:cooked_porkchop":5,"minecraft:warped_wart_block":4,"minecraft:poisonous_potato":1,"minecraft:jungle_planks":9,"minecraft:sand":169,"minecraft:light_blue_shulker_box":9,"minecraft:nether_brick_stairs":1,"minecraft:shulker_box":9,"minecraft:mossy_cobblestone":4,"minecraft:diamond":8,"minecraft:granite":4,"minecraft:emerald":11,"minecraft:golden_horse_armor":2,"minecraft:bread":7,"minecraft:oak_sapling":2,"minecraft:netherrack":2200,"minecraft:crimson_roots":6,"minecraft:diamond_pickaxe":3,"minecraft:end_stone_bricks":2,"minecraft:crafting_table":10,"minecraft:ladder":2,"minecraft:chicken":7,"minecraft:nether_wart":64,"minecraft:gold_block":2,"minecraft:purpur_block":1,"minecraft:shield":4,"minecraft:cornflower":4,"minecraft:oak_trapdoor":4,"minecraft:elytra":3,"minecraft:iron_axe":3,"minecraft:flint_and_steel":2,"minecraft:iron_shovel":1,"minecraft:blackstone":16,"minecraft:beef":6,"minecraft:oak_boat":9,"minecraft:observer":9,"minecraft:poppy":3,"minecraft:spruce_slab":1,"minecraft:blue_shulker_box":2,"minecraft:sugar_cane":81,"minecraft:chest":7,"minecraft:egg":6,"minecraft:raw_iron":216,"minecraft:sandstone":17,"minecraft:end_stone":100,"minecraft:oak_door":2,"minecraft:bowl":8,"minecraft:fire_charge":2,"minecraft:redstone":29,"minecraft:prismarine_crystals":207,"minecraft:dark_oak_planks":14,"minecraft:arrow":82,"minecraft:diamond_chestplate":2,"minecraft:jungle_stairs":4,"minecraft:nether_bricks":10,"minecraft:diamond_boots":1,"minecraft:hay_block":29,"minecraft:saddle":2,"minecraft:gold_ingot":17,"minecraft:rail":1,"minecraft:mutton":7,"minecraft:bone_block":35,"minecraft:white_wool":12,"minecraft:oxeye_daisy":1,"minecraft:salmon":3,"minecraft:crimson_stem":13,"minecraft:leather":33,"minecraft:jungle_fence":2,"minecraft:crimson_fungus":8,"minecraft:oak_log":149,"minecraft:golden_boots":2,"minecraft:yellow_bed":2,"minecraft:nether_wart_block":7,"minecraft:gunpowder":34,"minecraft:cobblestone_stairs":2,"minecraft:blue_bed":1,"minecraft:stone_bricks":2,"minecraft:warped_stem":20,"minecraft:iron_ingot":64,"minecraft:stone_pickaxe":2,"minecraft:cooked_chicken":2,"minecraft:glass_bottle":1,"minecraft:iron_sword":3,"minecraft:soul_sand":20,"minecraft:dark_oak_stairs":5,"minecraft:book":169,"minecraft:oak_slab":16,"minecraft:smooth_basalt":5,"minecraft:warped_fungus":24,"minecraft:quartz":80,"minecraft:dandelion":3,"minecraft:dripstone_block":1,"minecraft:gravel":27,"minecraft:blast_furnace":4,"minecraft:white_bed":20,"minecraft:spider_eye":5,"minecraft:dragon_egg":1,"minecraft:firework_rocket":36,"minecraft:iron_helmet":2,"minecraft:cherry_sapling":48,"minecraft:warped_roots":8,"minecraft:baked_potato":91,"minecraft:warped_nylium":1,"minecraft:coal":393,"minecraft:hopper":2,"minecraft:ender_pearl":8},"minecraft:used":{"minecraft:cherry_sapling":51,"minecraft:iron_shovel":2963,"minecraft:poppy":1,"minecraft:ladder":2,"minecraft:chest":12,"minecraft:shield":99,"minecraft:nether_wart":14,"minecraft:iron_sword":306,"minecraft:iron_chestplate":1,"minecraft:soul_sand":7,"minecraft:nether_bricks":12,"minecraft:milk_bucket":14,"minecraft:obsidian":16,"minecraft:glass":45,"minecraft:lava_bucket":3,"minecraft:warped_nylium":1,"minecraft:iron_helmet":3,"minecraft:crimson_roots":6,"minecraft:stone_bricks":1,"minecraft:magma_block":1,"minecraft:bow":27,"minecraft:blue_shulker_box":4,"minecraft:oak_sapling":2,"minecraft:egg":2,"minecraft:potato":46,"minecraft:end_rod":3,"minecraft:diamond_boots":4,"minecraft:oak_planks":70,"minecraft:stone_pickaxe":182,"minecraft:blackstone":16,"minecraft:ender_pearl":3,"minecraft:sugar_cane":25,"minecraft:blue_bed":1,"minecraft:blast_furnace":3,"minecraft:dripstone_block":1,"minecraft:end_stone":36,"minecraft:firework_rocket":36,"minecraft:bread":49,"minecraft:iron_door":1,"minecraft:gravel":2,"minecraft:golden_helmet":1,"minecraft:nether_wart_block":7,"minecraft:diamond_sword":352,"minecraft:fire_charge":2,"minecraft:grindstone":5,"minecraft:smithing_table":1,"minecraft:oak_boat":7,"minecraft:purpur_block":1,"minecraft:redstone":8,"minecraft:stone_sword":5,"minecraft:flint_and_steel":13,"minecraft:armor_stand":1,"minecraft:stone_shovel":121,"minecraft:cooked_chicken":3,"minecraft:netherrack":959,"minecraft:oak_door":1,"minecraft:dragon_egg":1,"minecraft:torch":322,"minecraft:anvil":2,"minecraft:brewing_stand":2,"minecraft:dirt":1120,"minecraft:warped_wart_block":4,"minecraft:hopper":3,"minecraft:diamond_helmet":2,"minecraft:shulker_box":9,"minecraft:nether_brick_stairs":1,"minecraft:bookshelf":7,"minecraft:iron_block":5,"minecraft:iron_axe":829,"minecraft:iron_boots":3,"minecraft:crimson_planks":44,"minecraft:smooth_basalt":4,"minecraft:bamboo":7,"minecraft:diamond_chestplate":5,"minecraft:golden_carrot":5,"minecraft:beef":3,"minecraft:cherry_log":4,"minecraft:observer":17,"minecraft:cooked_beef":16,"minecraft:cobbled_deepslate":25,"minecraft:iron_leggings":3,"minecraft:cooked_mutton":3,"minecraft:water_bucket":52,"minecraft:light_blue_shulker_box":10,"minecraft:cobblestone_stairs":1,"minecraft:birch_planks":14,"minecraft:baked_potato":74,"minecraft:cherry_planks":104,"minecraft:cauldron":3,"minecraft:warped_roots":8,"minecraft:mossy_cobblestone":1,"minecraft:oak_slab":16,"minecraft:crafting_table":19,"minecraft:white_bed":23,"minecraft:warped_planks":40,"minecraft:smoker":1,"minecraft:oak_log":1,"minecraft:piston":8,"minecraft:cornflower":1,"minecraft:diamond_pickaxe":3261,"minecraft:oxeye_daisy":1,"minecraft:iron_pickaxe":856,"minecraft:suspicious_stew":1,"minecraft:stone_axe":64,"minecraft:potion":1,"minecraft:cobblestone":77,"minecraft:porkchop":8,"minecraft:cooked_porkchop":13,"minecraft:bucket":58,"minecraft:yellow_bed":3,"minecraft:dandelion":1,"minecraft:diamond_leggings":2},"minecraft:dropped":{"minecraft:birch_planks":1,"minecraft:lapis_lazuli":19,"minecraft:warped_fungus":12,"minecraft:baked_potato":14,"minecraft:glass_bottle":2,"minecraft:ender_pearl":5,"minecraft:diamond":5,"minecraft:cooked_porkchop":1,"minecraft:elytra":1,"minecraft:rail":1,"minecraft:cod":2,"minecraft:dirt":2,"minecraft:gold_nugget":3,"minecraft:bone_meal":73,"minecraft:iron_pickaxe":2,"minecraft:white_wool":7,"minecraft:gold_ingot":11,"minecraft:bone":19,"minecraft:gravel":16,"minecraft:crimson_fungus":2,"minecraft:stone_axe":2,"minecraft:sugar_cane":17,"minecraft:cooked_chicken":3,"minecraft:cobbled_deepslate":21,"minecraft:obsidian":3,"minecraft:rotten_flesh":34,"minecraft:end_stone":64,"minecraft:warped_planks":24,"minecraft:gunpowder":26,"minecraft:netherrack":42,"minecraft:crimson_planks":10,"minecraft:water_bucket":2,"minecraft:iron_ingot":50,"minecraft:bread":35,"minecraft:wheat_seeds":28,"minecraft:golden_helmet":1,"minecraft:cherry_log":17,"minecraft:diamond_leggings":1,"minecraft:poisonous_potato":1,"minecraft:iron_helmet":1,"minecraft:feather":5,"minecraft:cobblestone":7,"minecraft:amethyst_block":8,"minecraft:cherry_planks":1,"minecraft:diamond_helmet":1,"minecraft:fire_charge":1,"minecraft:iron_leggings":1,"minecraft:iron_shovel":1,"minecraft:string":6,"minecraft:pink_petals":7,"minecraft:dandelion":2,"minecraft:smooth_basalt":1,"minecraft:redstone":3,"minecraft:furnace":1,"minecraft:stone_sword":3,"minecraft:bowl":5,"minecraft:stone_shovel":1,"minecraft:iron_boots":1,"minecraft:diamond_sword":1,"minecraft:shield":1,"minecraft:diamond_chestplate":1,"minecraft:diamond_pickaxe":2,"minecraft:andesite":4,"minecraft:oak_boat":1,"minecraft:golden_sword":1,"minecraft:spider_eye":2,"minecraft:diamond_boots":1,"minecraft:bow":1,"minecraft:stone_pickaxe":2,"minecraft:calcite":4},"minecraft:killed_by":{"minecraft:player":1,"minecraft:enderman":1},"minecraft:killed":{"minecraft:witch":1,"minecraft:spider":4,"minecraft:shulker":14,"minecraft:skeleton":31,"minecraft:guardian":1329,"minecraft:chicken":7,"minecraft:silverfish":2,"minecraft:magma_cube":4,"minecraft:piglin":3,"minecraft:pig":8,"minecraft:creeper":16,"minecraft:sheep":6,"minecraft:zombie":24,"minecraft:blaze":5,"minecraft:cow":7,"minecraft:horse":6,"minecraft:drowned":1,"minecraft:hoglin":3,"minecraft:enderman":4},"minecraft:broken":{"minecraft:iron_shovel":11,"minecraft:stone_pickaxe":1,"minecraft:iron_sword":1,"minecraft:iron_axe":1,"minecraft:iron_pickaxe":2},"minecraft:crafted":{"minecraft:oak_planks":700,"minecraft:smooth_stone":4,"minecraft:cobblestone_slab":2542,"minecraft:cooked_chicken":4,"minecraft:stone":14,"minecraft:nether_brick":1,"minecraft:bookshelf":7,"minecraft:shulker_box":2,"minecraft:cooked_mutton":3,"minecraft:warped_planks":80,"minecraft:hopper":26,"minecraft:bow":7,"minecraft:diamond_helmet":3,"minecraft:diamond_leggings":3,"minecraft:iron_boots":2,"minecraft:chest":33,"minecraft:raw_iron_block":4,"minecraft:smoker":1,"minecraft:emerald":32,"minecraft:cauldron":3,"minecraft:cooked_porkchop":19,"minecraft:crafting_table":10,"minecraft:iron_helmet":2,"minecraft:baked_potato":185,"minecraft:birch_planks":108,"minecraft:diamond_pickaxe":3,"minecraft:shield":2,"minecraft:stick":1272,"minecraft:light_blue_dye":2,"minecraft:iron_ingot":482,"minecraft:iron_pickaxe":4,"minecraft:light_blue_shulker_box":1,"minecraft:iron_block":295,"minecraft:stone_sword":1,"minecraft:gold_ingot":8,"minecraft:cherry_planks":668,"minecraft:coal":144,"minecraft:raw_iron":36,"minecraft:stone_shovel":1,"minecraft:smooth_stone_slab":6,"minecraft:piston":8,"minecraft:furnace":1,"minecraft:yellow_bed":2,"minecraft:blue_shulker_box":1,"minecraft:bone_meal":97,"minecraft:flint_and_steel":1,"minecraft:iron_axe":3,"minecraft:stone_pickaxe":1,"minecraft:diamond_boots":3,"minecraft:redstone_block":2,"minecraft:observer":8,"minecraft:wheat":261,"minecraft:cooked_beef":18,"minecraft:coal_block":16,"minecraft:crimson_planks":52,"minecraft:diamond_sword":2,"minecraft:iron_sword":1,"minecraft:bowl":4,"minecraft:bucket":3,"minecraft:stone_axe":2,"minecraft:air":0,"minecraft:bread":87,"minecraft:blue_dye":2,"minecraft:oak_boat":1,"minecraft:white_wool":8,"minecraft:white_dye":1,"minecraft:iron_shovel":14,"minecraft:iron_leggings":2,"minecraft:armor_stand":1,"minecraft:anvil":2,"minecraft:white_bed":3,"minecraft:torch":296,"minecraft:diamond_chestplate":2},"minecraft:mined":{"minecraft:dark_oak_planks":15,"minecraft:spruce_planks":3,"minecraft:white_bed":2,"minecraft:cobblestone_stairs":2,"minecraft:sculk_vein":3,"minecraft:cherry_log":188,"minecraft:brewing_stand":2,"minecraft:obsidian":29,"minecraft:granite":5,"minecraft:grass_block":1320,"minecraft:hopper":2,"minecraft:crimson_fungus":2,"minecraft:nether_wart":27,"minecraft:weeping_vines_plant":1,"minecraft:magma_block":6,"minecraft:iron_ore":70,"minecraft:cobbled_deepslate":4,"minecraft:fire":31,"minecraft:nether_brick_stairs":1,"minecraft:enchanting_table":1,"minecraft:dark_oak_stairs":6,"minecraft:pointed_dripstone":10,"minecraft:dirt_path":22,"minecraft:oak_stairs":48,"minecraft:iron_bars":3,"minecraft:iron_block":5,"minecraft:end_stone_bricks":2,"minecraft:spruce_slab":1,"minecraft:deepslate_redstone_ore":1,"minecraft:crimson_nylium":2,"minecraft:torch":25,"minecraft:jungle_stairs":7,"minecraft:blast_furnace":2,"minecraft:calcite":4,"minecraft:poppy":1,"minecraft:chest":6,"minecraft:nether_quartz_ore":59,"minecraft:cobblestone":42,"minecraft:sugar_cane":22,"minecraft:oak_planks":109,"minecraft:grindstone":4,"minecraft:iron_door":1,"minecraft:wall_torch":10,"minecraft:amethyst_block":8,"minecraft:pink_petals":2,"minecraft:warped_nylium":3,"minecraft:nether_wart_block":5,"minecraft:yellow_wool":6,"minecraft:birch_log":27,"minecraft:warped_fungus":6,"minecraft:purpur_block":1,"minecraft:oak_log":152,"minecraft:sand":156,"minecraft:dirt":1396,"minecraft:crimson_planks":3,"minecraft:smooth_basalt":3,"minecraft:blue_shulker_box":2,"minecraft:netherrack":1842,"minecraft:oak_leaves":22,"minecraft:deepslate":46,"minecraft:nether_gold_ore":18,"minecraft:mossy_cobblestone":4,"minecraft:deepslate_diamond_ore":8,"minecraft:oak_door":2,"minecraft:end_stone":123,"minecraft:shulker_box":9,"minecraft:nether_bricks":8,"minecraft:ladder":2,"minecraft:jungle_planks":11,"minecraft:crimson_roots":7,"minecraft:weeping_vines":1,"minecraft:spruce_leaves":10,"minecraft:sandstone":17,"minecraft:crimson_stem":14,"minecraft:large_fern":1,"minecraft:hay_block":28,"minecraft:redstone_ore":4,"minecraft:oak_trapdoor":4,"minecraft:furnace":1,"minecraft:andesite":6,"minecraft:gold_block":2,"minecraft:bookshelf":33,"minecraft:potatoes":46,"minecraft:deepslate_iron_ore":51,"minecraft:warped_stem":20,"minecraft:bamboo":2,"minecraft:stone":1439,"minecraft:bone_block":7,"minecraft:white_wool":6,"minecraft:smithing_table":1,"minecraft:oak_slab":14,"minecraft:light_blue_shulker_box":9,"minecraft:glass_pane":6,"minecraft:cherry_planks":92,"minecraft:soul_sand":10,"minecraft:observer":9,"minecraft:dandelion":2,"minecraft:oak_fence":19,"minecraft:cornflower":2,"minecraft:crafting_table":10,"minecraft:short_grass":160,"minecraft:emerald_ore":5,"minecraft:warped_roots":4,"minecraft:sculk_sensor":3,"minecraft:tall_grass":62,"minecraft:lapis_ore":11,"minecraft:deepslate_gold_ore":10,"minecraft:diorite":1,"minecraft:sculk":210,"minecraft:blue_bed":1,"minecraft:warped_wart_block":4,"minecraft:spruce_stairs":2,"minecraft:jungle_fence":2,"minecraft:yellow_bed":1,"minecraft:coal_ore":258,"minecraft:cherry_leaves":48,"minecraft:end_rod":3,"minecraft:gravel":33,"minecraft:dripstone_block":1,"minecraft:cobweb":7,"minecraft:stone_bricks":1,"minecraft:gold_ore":17},"minecraft:custom":{"minecraft:interact_with_crafting_table":160,"minecraft:open_barrel":2,"minecraft:open_shulker_box":128,"minecraft:bell_ring":18,"minecraft:leave_game":4,"minecraft:time_since_death":286872,"minecraft:sprint_one_cm":1386928,"minecraft:damage_blocked_by_shield":5590,"minecraft:drop":288,"minecraft:talked_to_villager":31,"minecraft:play_time":630669,"minecraft:deaths":5,"minecraft:jump":10631,"minecraft:interact_with_brewingstand":8,"minecraft:walk_on_water_one_cm":73997,"minecraft:enchant_item":40,"minecraft:interact_with_furnace":51,"minecraft:traded_with_villager":33,"minecraft:interact_with_cartography_table":2,"minecraft:sleep_in_bed":12,"minecraft:open_enderchest":1,"minecraft:damage_dealt":33134,"minecraft:player_kills":2,"minecraft:crouch_one_cm":79448,"minecraft:interact_with_smoker":58,"minecraft:use_cauldron":4,"minecraft:interact_with_smithing_table":4,"minecraft:interact_with_anvil":7,"minecraft:mob_kills":1481,"minecraft:inspect_hopper":8,"minecraft:climb_one_cm":33943,"minecraft:walk_one_cm":1466623,"minecraft:sneak_time":28444,"minecraft:walk_under_water_one_cm":52749,"minecraft:boat_one_cm":195566,"minecraft:interact_with_blast_furnace":59,"minecraft:total_world_time":630669,"minecraft:interact_with_grindstone":36,"minecraft:time_since_rest":28685,"minecraft:damage_taken":9148,"minecraft:swim_one_cm":79775,"minecraft:fly_one_cm":2154013,"minecraft:open_chest":459,"minecraft:aviate_one_cm":1557024,"minecraft:fall_one_cm":291526}},"DataVersion":3953}