{"stats":{"minecraft:mined":{"minecraft:dark_oak_planks":15,"minecraft:spruce_planks":3,"minecraft:white_bed":2,"minecraft:cherry_log":188,"minecraft:sculk_vein":4,"minecraft:cobblestone_stairs":2,"minecraft:brewing_stand":2,"minecraft:obsidian":29,"minecraft:granite":6,"minecraft:grass_block":1327,"minecraft:chiseled_tuff_bricks":2,"minecraft:crimson_fungus":2,"minecraft:hopper":2,"minecraft:nether_wart":27,"minecraft:tuff_bricks":9,"minecraft:spawner":2,"minecraft:weeping_vines_plant":1,"minecraft:bamboo_wall_hanging_sign":1,"minecraft:magma_block":8,"minecraft:sculk_catalyst":1,"minecraft:iron_ore":70,"minecraft:fire":32,"minecraft:cobbled_deepslate":25,"minecraft:polished_tuff":1,"minecraft:anvil":1,"minecraft:deepslate_lapis_ore":20,"minecraft:nether_brick_stairs":1,"minecraft:dark_oak_stairs":6,"minecraft:enchanting_table":1,"minecraft:sculk_shrieker":6,"minecraft:pointed_dripstone":11,"minecraft:dirt_path":22,"minecraft:oak_stairs":48,"minecraft:iron_bars":3,"minecraft:end_stone_bricks":2,"minecraft:iron_block":5,"minecraft:spruce_slab":1,"minecraft:deepslate_redstone_ore":59,"minecraft:crimson_nylium":2,"minecraft:torch":26,"minecraft:jungle_stairs":7,"minecraft:blast_furnace":2,"minecraft:calcite":4,"minecraft:poppy":1,"minecraft:chest":6,"minecraft:glass":4,"minecraft:nether_quartz_ore":59,"minecraft:cobblestone":45,"minecraft:oak_planks":114,"minecraft:sugar_cane":25,"minecraft:grindstone":4,"minecraft:iron_door":1,"minecraft:wall_torch":19,"minecraft:amethyst_block":8,"minecraft:pink_petals":2,"minecraft:warped_nylium":3,"minecraft:nether_wart_block":5,"minecraft:waxed_oxidized_copper_trapdoor":1,"minecraft:light_gray_stained_glass":8,"minecraft:yellow_wool":6,"minecraft:birch_log":27,"minecraft:waxed_copper_block":2,"minecraft:warped_fungus":6,"minecraft:purpur_block":1,"minecraft:prismarine_brick_stairs":3,"minecraft:oak_log":155,"minecraft:waxed_oxidized_copper":2,"minecraft:sand":156,"minecraft:dirt":1403,"minecraft:crimson_planks":3,"minecraft:smooth_basalt":3,"minecraft:blue_shulker_box":5,"minecraft:netherrack":2107,"minecraft:oak_leaves":24,"minecraft:deepslate":373,"minecraft:nether_gold_ore":26,"minecraft:tuff":44,"minecraft:mossy_cobblestone":4,"minecraft:deepslate_diamond_ore":43,"minecraft:oak_door":2,"minecraft:end_stone":123,"minecraft:shulker_box":28,"minecraft:nether_bricks":8,"minecraft:ladder":2,"minecraft:decorated_pot":24,"minecraft:jungle_planks":11,"minecraft:crimson_roots":7,"minecraft:weeping_vines":1,"minecraft:redstone_wire":10,"minecraft:spruce_leaves":10,"minecraft:sandstone":17,"minecraft:crimson_stem":14,"minecraft:large_fern":1,"minecraft:hay_block":28,"minecraft:redstone_ore":4,"minecraft:oak_trapdoor":4,"minecraft:furnace":2,"minecraft:waxed_copper_grate":2,"minecraft:andesite":18,"minecraft:gold_block":3,"minecraft:bookshelf":33,"minecraft:potatoes":46,"minecraft:deepslate_iron_ore":51,"minecraft:rail":2,"minecraft:warped_stem":20,"minecraft:bamboo":2,"minecraft:waxed_weathered_copper_bulb":1,"minecraft:stone":1581,"minecraft:bone_block":7,"minecraft:white_wool":6,"minecraft:smithing_table":1,"minecraft:oak_slab":14,"minecraft:scaffolding":1,"minecraft:light_blue_shulker_box":9,"minecraft:flowering_azalea":1,"minecraft:glass_pane":6,"minecraft:cherry_planks":92,"minecraft:soul_sand":10,"minecraft:dandelion":2,"minecraft:observer":9,"minecraft:oak_fence":24,"minecraft:crafting_table":10,"minecraft:cornflower":2,"minecraft:short_grass":160,"minecraft:emerald_ore":5,"minecraft:warped_roots":4,"minecraft:sculk_sensor":16,"minecraft:tall_grass":62,"minecraft:lapis_ore":14,"minecraft:deepslate_gold_ore":50,"minecraft:prismarine_bricks":27,"minecraft:sculk":267,"minecraft:diorite":14,"minecraft:blue_bed":1,"minecraft:warped_wart_block":4,"minecraft:spruce_stairs":2,"minecraft:jungle_fence":2,"minecraft:yellow_bed":1,"minecraft:coal_ore":315,"minecraft:flower_pot":1,"minecraft:end_rod":3,"minecraft:cherry_leaves":48,"minecraft:gravel":69,"minecraft:dripstone_block":7,"minecraft:cobweb":80,"minecraft:stone_bricks":1,"minecraft:gold_ore":23},"minecraft:picked_up":{"minecraft:shulker_shell":9,"minecraft:iron_chestplate":3,"minecraft:redstone_block":4,"minecraft:anvil":1,"minecraft:flower_pot":1,"minecraft:prismarine_shard":2024,"minecraft:yellow_wool":6,"minecraft:smithing_table":1,"minecraft:diamond_sword":5,"minecraft:oak_stairs":44,"minecraft:potion":1,"minecraft:enchanted_book":5,"minecraft:crimson_planks":2,"minecraft:brewing_stand":2,"minecraft:golden_sword":1,"minecraft:amethyst_block":8,"minecraft:string":417,"minecraft:cooked_salmon":2,"minecraft:iron_leggings":2,"minecraft:pufferfish":5,"minecraft:sculk_shrieker":1,"minecraft:diamond_leggings":1,"minecraft:gold_nugget":150,"minecraft:cobbled_deepslate":360,"minecraft:bucket":2,"minecraft:spruce_planks":3,"minecraft:trial_key":4,"minecraft:cobblestone_slab":8,"minecraft:calcite":4,"minecraft:iron_pickaxe":2,"minecraft:iron_boots":2,"minecraft:furnace":2,"minecraft:stick":131,"minecraft:oak_fence":19,"minecraft:torch":77,"minecraft:spruce_stairs":2,"minecraft:porkchop":22,"minecraft:cherry_log":188,"minecraft:waxed_weathered_copper_bulb":1,"minecraft:waxed_copper_grate":2,"minecraft:pointed_dripstone":39,"minecraft:diorite":1,"minecraft:warped_planks":21,"minecraft:stone_sword":2,"minecraft:rotten_flesh":134,"minecraft:tropical_fish":1,"minecraft:music_disc_ward":1,"minecraft:iron_block":5,"minecraft:end_rod":5,"minecraft:blaze_rod":3,"minecraft:obsidian":26,"minecraft:cod":780,"minecraft:cobblestone":1742,"minecraft:birch_log":27,"minecraft:enchanting_table":1,"minecraft:pink_petals":7,"minecraft:magma_block":6,"minecraft:feather":8,"minecraft:cooked_beef":36,"minecraft:magma_cream":3,"minecraft:cherry_planks":147,"minecraft:iron_door":1,"minecraft:water_bucket":2,"minecraft:andesite":26,"minecraft:potato":107,"minecraft:flint":16,"minecraft:tuff":33,"minecraft:prismarine_bricks":27,"minecraft:lapis_lazuli":594,"minecraft:dirt":2767,"minecraft:glass":48,"minecraft:bone":128,"minecraft:bow":7,"minecraft:wheat_seeds":30,"minecraft:raw_gold":179,"minecraft:grindstone":4,"minecraft:mossy_stone_bricks":4,"minecraft:diamond_helmet":1,"minecraft:bamboo":20,"minecraft:oak_planks":109,"minecraft:cooked_porkchop":5,"minecraft:warped_wart_block":4,"minecraft:poisonous_potato":1,"minecraft:sand":169,"minecraft:jungle_planks":9,"minecraft:light_blue_shulker_box":9,"minecraft:nether_brick_stairs":1,"minecraft:shulker_box":28,"minecraft:mossy_cobblestone":4,"minecraft:diamond":91,"minecraft:granite":5,"minecraft:breeze_rod":12,"minecraft:golden_apple":1,"minecraft:emerald":26,"minecraft:golden_horse_armor":2,"minecraft:bread":7,"minecraft:oak_sapling":3,"minecraft:netherrack":2458,"minecraft:crimson_roots":6,"minecraft:diamond_pickaxe":3,"minecraft:end_stone_bricks":2,"minecraft:crafting_table":10,"minecraft:chicken":7,"minecraft:ladder":2,"minecraft:nether_wart":64,"minecraft:gold_block":3,"minecraft:purpur_block":1,"minecraft:brick":43,"minecraft:shield":4,"minecraft:wind_charge":1,"minecraft:cornflower":4,"minecraft:oak_trapdoor":4,"minecraft:elytra":3,"minecraft:iron_axe":3,"minecraft:flint_and_steel":2,"minecraft:iron_shovel":1,"minecraft:blackstone":16,"minecraft:beef":6,"minecraft:oak_boat":9,"minecraft:observer":9,"minecraft:phantom_membrane":2,"minecraft:poppy":3,"minecraft:spruce_slab":1,"minecraft:guster_pottery_sherd":1,"minecraft:blue_shulker_box":5,"minecraft:sugar_cane":85,"minecraft:chest":7,"minecraft:waxed_oxidized_copper":2,"minecraft:egg":6,"minecraft:raw_iron":216,"minecraft:sandstone":17,"minecraft:end_stone":100,"minecraft:oak_door":2,"minecraft:bamboo_hanging_sign":1,"minecraft:bowl":8,"minecraft:fire_charge":2,"minecraft:carrot":2,"minecraft:redstone":453,"minecraft:prismarine_crystals":744,"minecraft:dark_oak_planks":14,"minecraft:arrow":195,"minecraft:diamond_chestplate":2,"minecraft:cooked_cod":63,"minecraft:decorated_pot":13,"minecraft:jungle_stairs":4,"minecraft:nether_bricks":10,"minecraft:diamond_boots":1,"minecraft:hay_block":29,"minecraft:saddle":2,"minecraft:gold_ingot":17,"minecraft:tuff_bricks":9,"minecraft:mutton":7,"minecraft:white_wool":12,"minecraft:bone_block":35,"minecraft:rail":2,"minecraft:oxeye_daisy":1,"minecraft:crimson_stem":13,"minecraft:salmon":9,"minecraft:leather":33,"minecraft:jungle_fence":2,"minecraft:crimson_fungus":8,"minecraft:oak_log":152,"minecraft:waxed_copper_block":2,"minecraft:golden_boots":2,"minecraft:yellow_bed":2,"minecraft:nether_wart_block":7,"minecraft:gunpowder":42,"minecraft:cobblestone_stairs":2,"minecraft:blue_bed":1,"minecraft:stone_bricks":2,"minecraft:warped_stem":20,"minecraft:iron_ingot":81,"minecraft:stone_pickaxe":2,"minecraft:cooked_chicken":4,"minecraft:glass_bottle":2,"minecraft:iron_sword":3,"minecraft:flowering_azalea":1,"minecraft:soul_sand":20,"minecraft:dark_oak_stairs":5,"minecraft:book":169,"minecraft:oak_slab":16,"minecraft:prismarine_brick_stairs":3,"minecraft:smooth_basalt":5,"minecraft:warped_fungus":24,"minecraft:sculk":45,"minecraft:dandelion":3,"minecraft:quartz":80,"minecraft:dripstone_block":7,"minecraft:gravel":56,"minecraft:blast_furnace":4,"minecraft:white_bed":20,"minecraft:spider_eye":8,"minecraft:polished_tuff":1,"minecraft:dragon_egg":1,"minecraft:firework_rocket":52,"minecraft:sculk_sensor":5,"minecraft:iron_helmet":2,"minecraft:cherry_sapling":48,"minecraft:warped_roots":8,"minecraft:baked_potato":94,"minecraft:warped_nylium":1,"minecraft:coal":538,"minecraft:chiseled_tuff_bricks":2,"minecraft:hopper":2,"minecraft:ender_pearl":8},"minecraft:crafted":{"minecraft:smooth_stone":8,"minecraft:oak_planks":712,"minecraft:cobblestone_slab":2542,"minecraft:cooked_chicken":4,"minecraft:stone":14,"minecraft:bookshelf":7,"minecraft:nether_brick":1,"minecraft:shulker_box":2,"minecraft:cooked_mutton":3,"minecraft:warped_planks":80,"minecraft:glass":3,"minecraft:hopper":26,"minecraft:bow":7,"minecraft:diamond_helmet":3,"minecraft:diamond_leggings":4,"minecraft:iron_boots":2,"minecraft:chest":33,"minecraft:raw_iron_block":4,"minecraft:smoker":1,"minecraft:emerald":32,"minecraft:cauldron":3,"minecraft:cooked_porkchop":19,"minecraft:crafting_table":11,"minecraft:iron_helmet":2,"minecraft:baked_potato":185,"minecraft:prismarine_bricks":399,"minecraft:gold_block":13,"minecraft:birch_planks":108,"minecraft:paper":99,"minecraft:diamond_pickaxe":5,"minecraft:shield":2,"minecraft:stick":1272,"minecraft:light_blue_dye":2,"minecraft:iron_ingot":482,"minecraft:iron_pickaxe":4,"minecraft:light_blue_shulker_box":1,"minecraft:iron_block":295,"minecraft:stone_sword":1,"minecraft:gold_ingot":130,"minecraft:cherry_planks":668,"minecraft:redstone":9,"minecraft:raw_iron":36,"minecraft:coal":144,"minecraft:stone_shovel":1,"minecraft:smooth_stone_slab":6,"minecraft:wind_charge":4,"minecraft:furnace":1,"minecraft:blast_furnace":1,"minecraft:piston":8,"minecraft:yellow_bed":2,"minecraft:bone_meal":97,"minecraft:blue_shulker_box":1,"minecraft:prismarine_brick_stairs":24,"minecraft:flint_and_steel":1,"minecraft:iron_axe":3,"minecraft:stone_pickaxe":1,"minecraft:diamond_boots":3,"minecraft:redstone_block":40,"minecraft:observer":8,"minecraft:wheat":261,"minecraft:cooked_beef":18,"minecraft:coal_block":16,"minecraft:crimson_planks":52,"minecraft:diamond_sword":3,"minecraft:iron_sword":1,"minecraft:bowl":4,"minecraft:bucket":3,"minecraft:stone_axe":2,"minecraft:air":0,"minecraft:bread":87,"minecraft:blue_dye":2,"minecraft:oak_boat":1,"minecraft:white_wool":8,"minecraft:white_dye":1,"minecraft:raw_gold":108,"minecraft:iron_shovel":14,"minecraft:iron_leggings":2,"minecraft:armor_stand":1,"minecraft:anvil":2,"minecraft:white_bed":3,"minecraft:torch":680,"minecraft:firework_rocket":297,"minecraft:lapis_lazuli":117,"minecraft:diamond_chestplate":2},"minecraft:used":{"minecraft:cherry_sapling":51,"minecraft:shield":108,"minecraft:iron_shovel":2993,"minecraft:chest":12,"minecraft:elytra":2,"minecraft:ladder":2,"minecraft:poppy":1,"minecraft:decorated_pot":11,"minecraft:nether_wart":14,"minecraft:iron_sword":306,"minecraft:iron_chestplate":1,"minecraft:soul_sand":7,"minecraft:nether_bricks":12,"minecraft:prismarine_brick_stairs":24,"minecraft:carrot":1,"minecraft:waxed_copper_grate":2,"minecraft:axolotl_bucket":1,"minecraft:obsidian":16,"minecraft:milk_bucket":14,"minecraft:glass":52,"minecraft:waxed_oxidized_copper":2,"minecraft:lava_bucket":3,"minecraft:warped_nylium":1,"minecraft:iron_helmet":3,"minecraft:crimson_roots":6,"minecraft:stone_bricks":1,"minecraft:magma_block":3,"minecraft:bow":88,"minecraft:scaffolding":1,"minecraft:blue_shulker_box":6,"minecraft:oak_sapling":2,"minecraft:cooked_cod":3,"minecraft:egg":2,"minecraft:potato":46,"minecraft:diamond_boots":4,"minecraft:end_rod":3,"minecraft:waxed_weathered_copper_bulb":1,"minecraft:oak_planks":78,"minecraft:stone_pickaxe":182,"minecraft:blackstone":16,"minecraft:ender_pearl":3,"minecraft:sugar_cane":28,"minecraft:blue_bed":1,"minecraft:blast_furnace":4,"minecraft:lingering_potion":3,"minecraft:dripstone_block":7,"minecraft:end_stone":36,"minecraft:polished_tuff":1,"minecraft:firework_rocket":97,"minecraft:bread":49,"minecraft:iron_door":1,"minecraft:gravel":18,"minecraft:golden_helmet":1,"minecraft:nether_wart_block":7,"minecraft:diamond_sword":799,"minecraft:fire_charge":2,"minecraft:grindstone":5,"minecraft:smithing_table":1,"minecraft:oak_boat":7,"minecraft:purpur_block":1,"minecraft:trident":1,"minecraft:armor_stand":1,"minecraft:stone_sword":5,"minecraft:flint_and_steel":13,"minecraft:stone_shovel":121,"minecraft:redstone":85,"minecraft:anvil":3,"minecraft:dirt":1126,"minecraft:trial_key":2,"minecraft:cooked_chicken":5,"minecraft:netherrack":1052,"minecraft:oak_door":1,"minecraft:torch":684,"minecraft:dragon_egg":1,"minecraft:brewing_stand":2,"minecraft:warped_wart_block":4,"minecraft:hopper":3,"minecraft:prismarine_bricks":272,"minecraft:diamond_helmet":2,"minecraft:shulker_box":27,"minecraft:nether_brick_stairs":1,"minecraft:flowering_azalea":1,"minecraft:bookshelf":7,"minecraft:iron_block":5,"minecraft:iron_axe":845,"minecraft:bamboo_hanging_sign":3,"minecraft:iron_boots":3,"minecraft:crimson_planks":44,"minecraft:smooth_basalt":4,"minecraft:bamboo":7,"minecraft:diamond_chestplate":6,"minecraft:glowstone":4,"minecraft:golden_carrot":5,"minecraft:beef":3,"minecraft:cherry_log":4,"minecraft:cooked_beef":18,"minecraft:observer":17,"minecraft:cobbled_deepslate":177,"minecraft:iron_leggings":3,"minecraft:cooked_mutton":3,"minecraft:water_bucket":58,"minecraft:light_blue_shulker_box":10,"minecraft:cobblestone_stairs":1,"minecraft:birch_planks":14,"minecraft:baked_potato":148,"minecraft:cherry_planks":104,"minecraft:cauldron":3,"minecraft:waxed_copper_block":1,"minecraft:warped_roots":8,"minecraft:mossy_cobblestone":1,"minecraft:oak_slab":16,"minecraft:crafting_table":20,"minecraft:white_bed":23,"minecraft:warped_planks":40,"minecraft:smoker":1,"minecraft:oak_log":1,"minecraft:piston":8,"minecraft:cornflower":1,"minecraft:diamond_pickaxe":4509,"minecraft:oxeye_daisy":1,"minecraft:wind_charge":1,"minecraft:iron_pickaxe":856,"minecraft:suspicious_stew":1,"minecraft:stone_axe":64,"minecraft:cobblestone":147,"minecraft:potion":2,"minecraft:porkchop":8,"minecraft:cooked_porkchop":13,"minecraft:bucket":65,"minecraft:yellow_bed":3,"minecraft:dandelion":1,"minecraft:diamond_leggings":4},"minecraft:killed_by":{"minecraft:player":1,"minecraft:enderman":1},"minecraft:broken":{"minecraft:iron_shovel":11,"minecraft:stone_pickaxe":1,"minecraft:iron_sword":1,"minecraft:iron_axe":1,"minecraft:iron_pickaxe":2},"minecraft:dropped":{"minecraft:birch_planks":1,"minecraft:lapis_lazuli":101,"minecraft:warped_fungus":12,"minecraft:baked_potato":25,"minecraft:ender_pearl":5,"minecraft:glass_bottle":4,"minecraft:diamond":5,"minecraft:cooked_porkchop":1,"minecraft:elytra":1,"minecraft:rail":2,"minecraft:cod":2,"minecraft:flint":3,"minecraft:dirt":2,"minecraft:gold_nugget":9,"minecraft:bone_meal":73,"minecraft:iron_pickaxe":2,"minecraft:white_wool":7,"minecraft:gold_ingot":11,"minecraft:bone":47,"minecraft:gravel":29,"minecraft:crimson_fungus":2,"minecraft:stone_axe":2,"minecraft:sugar_cane":17,"minecraft:cooked_chicken":3,"minecraft:chiseled_tuff_bricks":2,"minecraft:cobbled_deepslate":90,"minecraft:pointed_dripstone":1,"minecraft:obsidian":3,"minecraft:rotten_flesh":131,"minecraft:oak_planks":4,"minecraft:end_stone":64,"minecraft:salmon":1,"minecraft:waxed_copper_block":1,"minecraft:warped_planks":24,"minecraft:wind_charge":3,"minecraft:gunpowder":34,"minecraft:prismarine_bricks":85,"minecraft:netherrack":42,"minecraft:crimson_planks":10,"minecraft:water_bucket":2,"minecraft:iron_ingot":53,"minecraft:bread":37,"minecraft:wheat_seeds":29,"minecraft:golden_helmet":1,"minecraft:cherry_log":17,"minecraft:diamond_leggings":1,"minecraft:poisonous_potato":1,"minecraft:prismarine_shard":87,"minecraft:iron_helmet":1,"minecraft:oak_fence":4,"minecraft:feather":5,"minecraft:cobblestone":49,"minecraft:prismarine_crystals":42,"minecraft:amethyst_block":8,"minecraft:granite":1,"minecraft:pufferfish":1,"minecraft:stick":6,"minecraft:cherry_planks":1,"minecraft:diamond_helmet":1,"minecraft:fire_charge":1,"minecraft:iron_leggings":1,"minecraft:iron_shovel":1,"minecraft:string":77,"minecraft:pink_petals":7,"minecraft:redstone":3,"minecraft:lapis_block":33,"minecraft:smooth_basalt":1,"minecraft:dandelion":2,"minecraft:furnace":1,"minecraft:tuff_bricks":9,"minecraft:stone_sword":3,"minecraft:bowl":5,"minecraft:tuff":31,"minecraft:stone_shovel":1,"minecraft:iron_boots":1,"minecraft:diamond_sword":1,"minecraft:shield":1,"minecraft:flower_pot":1,"minecraft:trial_key":2,"minecraft:diamond_chestplate":1,"minecraft:diamond_pickaxe":2,"minecraft:andesite":16,"minecraft:oak_boat":1,"minecraft:golden_sword":1,"minecraft:bamboo":15,"minecraft:spider_eye":5,"minecraft:diamond_boots":1,"minecraft:bow":6,"minecraft:stone_pickaxe":2,"minecraft:calcite":4,"minecraft:brick":35},"minecraft:killed":{"minecraft:cave_spider":1,"minecraft:witch":1,"minecraft:spider":5,"minecraft:shulker":14,"minecraft:skeleton":59,"minecraft:guardian":3768,"minecraft:chicken":7,"minecraft:silverfish":2,"minecraft:magma_cube":4,"minecraft:piglin":3,"minecraft:pig":8,"minecraft:zombie_villager":1,"minecraft:creeper":23,"minecraft:sheep":6,"minecraft:zombie":64,"minecraft:blaze":5,"minecraft:cow":7,"minecraft:phantom":2,"minecraft:horse":6,"minecraft:drowned":1,"minecraft:hoglin":3,"minecraft:breeze":2,"minecraft:enderman":4},"minecraft:custom":{"minecraft:interact_with_crafting_table":197,"minecraft:open_barrel":7,"minecraft:open_shulker_box":199,"minecraft:bell_ring":18,"minecraft:leave_game":5,"minecraft:time_since_death":508977,"minecraft:sprint_one_cm":1938343,"minecraft:damage_blocked_by_shield":5760,"minecraft:drop":393,"minecraft:talked_to_villager":36,"minecraft:play_time":852774,"minecraft:deaths":5,"minecraft:jump":13825,"minecraft:interact_with_brewingstand":8,"minecraft:enchant_item":69,"minecraft:walk_on_water_one_cm":111536,"minecraft:interact_with_furnace":59,"minecraft:traded_with_villager":33,"minecraft:interact_with_cartography_table":2,"minecraft:sleep_in_bed":13,"minecraft:open_enderchest":1,"minecraft:damage_dealt":53292,"minecraft:player_kills":2,"minecraft:crouch_one_cm":115107,"minecraft:interact_with_smoker":59,"minecraft:use_cauldron":4,"minecraft:inspect_dispenser":24,"minecraft:interact_with_smithing_table":4,"minecraft:interact_with_anvil":29,"minecraft:mob_kills":4018,"minecraft:inspect_hopper":14,"minecraft:climb_one_cm":37813,"minecraft:walk_one_cm":1947049,"minecraft:sneak_time":42587,"minecraft:walk_under_water_one_cm":89799,"minecraft:boat_one_cm":195566,"minecraft:interact_with_blast_furnace":78,"minecraft:total_world_time":852774,"minecraft:interact_with_stonecutter":2,"minecraft:interact_with_grindstone":58,"minecraft:time_since_rest":206477,"minecraft:damage_taken":12156,"minecraft:swim_one_cm":127714,"minecraft:fly_one_cm":2648367,"minecraft:open_chest":700,"minecraft:aviate_one_cm":3228191,"minecraft:fall_one_cm":361803}},"DataVersion":3953}