{
  "vanillatweaks:root": {
    "criteria": {
      "tick": "2024-07-28 21:13:45 +0000"
    },
    "done": true
  },
  "vanillatweaks:coordinates_hud": {
    "criteria": {
      "tick": "2024-07-28 21:13:45 +0000"
    },
    "done": true
  },
  "minecraft:recipes/decorations/crafting_table": {
    "criteria": {
      "unlock_right_away": "2024-07-28 21:13:45 +0000"
    },
    "done": true
  },
  "minecraft:adventure/adventuring_time": {
    "criteria": {
      "minecraft:forest": "2024-07-28 21:13:46 +0000"
    },
    "done": false
  },
  "DataVersion": 3953
}