{
  "vanillatweaks:root": {
    "criteria": {
      "tick": "2024-07-26 19:37:24 -0300"
    },
    "done": true
  },
  "vanillatweaks:coordinates_hud": {
    "criteria": {
      "tick": "2024-07-26 19:37:24 -0300"
    },
    "done": true
  },
  "minecraft:recipes/decorations/crafting_table": {
    "criteria": {
      "unlock_right_away": "2024-07-26 19:37:24 -0300"
    },
    "done": true
  },
  "minecraft:adventure/adventuring_time": {
    "criteria": {
      "minecraft:forest": "2024-07-26 19:37:25 -0300",
      "minecraft:meadow": "2024-07-26 19:37:30 -0300"
    },
    "done": false
  },
  "DataVersion": 3953
}